adult,vax_product,count_total,count_before20200101,count_onorafter20200101,count_onorafter20201201,earliest_date_onorafter20201201,count_on_earlier_date
FALSE,NA,0,0,0,0,Inf,0
FALSE,,90,90,0,0,2023-08-23,1
FALSE,+,0,0,0,0,Inf,0
FALSE,++,0,0,0,0,Inf,0
FALSE,++02PUp,0,0,0,0,Inf,0
FALSE,+2,0,0,0,0,Inf,0
FALSE,+7D.jB,0,0,0,0,Inf,0
FALSE,+JFj5qB,0,0,0,0,Inf,0
FALSE,+Kz2SM,0,0,0,0,Inf,0
FALSE,+PKZVBWoS,0,0,0,0,Inf,0
FALSE,+PZdGRp_1qR,0,0,0,0,Inf,0
FALSE,+QtH+NVi,0,0,0,0,Inf,0
FALSE,+gf7sNbo5LjYN-,0,0,0,0,Inf,0
FALSE,+gvm+DYIJ9,0,0,0,0,Inf,0
FALSE,+jYd.AMu3fw0b,0,0,0,0,Inf,0
FALSE,+knA9Wy,0,0,0,0,Inf,0
FALSE,+lueOFe,0,0,0,0,Inf,0
FALSE,+n-IOr2VC_-_s,0,0,0,0,Inf,0
FALSE,+pQQb4t2h0,0,0,0,0,Inf,0
FALSE,+qzv,0,0,0,0,Inf,0
FALSE,+uO.,0,0,0,0,Inf,0
FALSE,+x9rky,0,0,0,0,Inf,0
FALSE,+ybo-3,0,0,0,0,Inf,0
FALSE,--DwYLK8+B,0,0,0,0,Inf,0
FALSE,-0K1A88KOIafAzx,0,0,0,0,Inf,0
FALSE,-D-Hjm,0,0,0,0,Inf,0
FALSE,-EK,0,0,0,0,Inf,0
FALSE,-HYP+0s5J+,0,0,0,0,Inf,0
FALSE,-Ip7d1x_aJZg8Qu,0,0,0,0,Inf,0
FALSE,-K16zPZmBclfBJe,0,0,0,0,Inf,0
FALSE,-OvpoT5DM-,0,0,0,0,Inf,0
FALSE,-Pbl8.Tmp6t9n,0,0,0,0,Inf,0
FALSE,-cVPWlqSfw1D,0,0,0,0,Inf,0
FALSE,-dLupmm._+d8,0,0,0,0,Inf,0
FALSE,-e1c,0,0,0,0,Inf,0
FALSE,-hli,0,0,0,0,Inf,0
FALSE,-iRMo7MD,0,0,0,0,Inf,0
FALSE,-mF4D,0,0,0,0,Inf,0
FALSE,-qNXphQNC+,0,0,0,0,Inf,0
FALSE,-twELXfa9oSPvY,0,0,0,0,Inf,0
FALSE,-yiWN,0,0,0,0,2025-12-29,1
FALSE,-zA3fz,0,0,0,0,Inf,0
FALSE,.-CLI,0,0,0,0,Inf,0
FALSE,.1,0,0,0,0,Inf,0
FALSE,.131PVFKZGlMWA4,0,0,0,0,Inf,0
FALSE,.3L,0,0,0,0,Inf,0
FALSE,.4g,0,0,0,0,Inf,0
FALSE,.98kMgMp0VdSq,0,0,0,0,Inf,0
FALSE,.CRVEVaT,0,0,0,0,Inf,0
FALSE,.D4M7dAccVCj,0,0,0,0,Inf,0
FALSE,.FZND-XJc,0,0,0,0,Inf,0
FALSE,.H,0,0,0,0,Inf,0
FALSE,.O2bS9Y9qQFzxK,0,0,0,0,Inf,0
FALSE,.b0-4ksVIyb,0,0,0,0,Inf,0
FALSE,.lvM6smD.xdzo,0,0,0,0,Inf,0
FALSE,.rtIAY1kY1Uqb,0,0,0,0,Inf,0
FALSE,.shx,0,0,0,0,Inf,0
FALSE,.t44QGlzcoC,0,0,0,0,Inf,0
FALSE,.wQSdUXF,0,0,0,0,Inf,0
FALSE,0,0,0,0,0,Inf,0
FALSE,0++,0,0,0,0,Inf,0
FALSE,01Tmlxe_,0,0,0,0,Inf,0
FALSE,02iWzvbyGH,0,0,0,0,Inf,0
FALSE,07YA6W0t,0,0,0,0,Inf,0
FALSE,08,0,0,0,0,Inf,0
FALSE,0EIs5,0,0,0,0,Inf,0
FALSE,0GOkQiGXM,0,0,0,0,2021-04-29,1
FALSE,0LZSeg,0,0,0,0,Inf,0
FALSE,0Lua1B_bBr,0,0,0,0,Inf,0
FALSE,0MO2GPG0gQiQgw2,0,0,0,0,Inf,0
FALSE,0TYyP4HCY2l,0,0,0,0,Inf,0
FALSE,0UlS8N0,0,0,0,0,Inf,0
FALSE,0eMBWoe7dh6,0,0,0,0,Inf,0
FALSE,0fBHaJBIIh7NA,0,0,0,0,Inf,0
FALSE,0fDI8SZjEA,0,0,0,0,Inf,0
FALSE,0gp0kxl+,0,0,0,0,Inf,0
FALSE,0h,0,0,0,0,Inf,0
FALSE,0hEb+Edur.50SL,0,0,0,0,Inf,0
FALSE,0jG5u.j7s76P1WU,0,0,0,0,Inf,0
FALSE,0o4aG,0,0,0,0,Inf,0
FALSE,0qLXme7AxXV,0,0,0,0,Inf,0
FALSE,0q_y5GZ,0,0,0,0,Inf,0
FALSE,0v0rY9,0,0,0,0,Inf,0
FALSE,0yK.Sv2,0,0,0,0,Inf,0
FALSE,1,0,0,0,0,Inf,0
FALSE,1.njaZso,0,0,0,0,Inf,0
FALSE,10mUEJCjuV9e.c,0,0,0,0,Inf,0
FALSE,14hnRbjH,0,0,0,0,Inf,0
FALSE,15bcnUBTC,0,0,0,0,Inf,0
FALSE,1Cwnr,0,0,0,0,Inf,0
FALSE,1HPKGIPEYgbS,0,0,0,0,Inf,0
FALSE,1PB+Akh,0,0,0,0,Inf,0
FALSE,1TKWY5zPcUeS26L,0,0,0,0,Inf,0
FALSE,1U.hElN,0,0,0,0,Inf,0
FALSE,1Y,0,0,0,0,Inf,0
FALSE,1axC1qqipFaLgGK,0,0,0,0,Inf,0
FALSE,1ciWC3nr,0,0,0,0,Inf,0
FALSE,1dk-V+zzTF,0,0,0,0,Inf,0
FALSE,1fNq,0,0,0,0,Inf,0
FALSE,1gGCso2ak0-Le,0,0,0,0,Inf,0
FALSE,1i1J000k,0,0,0,0,Inf,0
FALSE,1r97,0,0,0,0,Inf,0
FALSE,1ue6mvpJhgqJ,0,0,0,0,Inf,0
FALSE,1yE,0,0,0,0,Inf,0
FALSE,2,0,0,0,0,Inf,0
FALSE,21i,0,0,0,0,Inf,0
FALSE,2BhtPer,0,0,0,0,Inf,0
FALSE,2DNR,0,0,0,0,Inf,0
FALSE,2F0B1OeVeJBxo6,0,0,0,0,Inf,0
FALSE,2JwFCEJS9tgdaLN,0,0,0,0,Inf,0
FALSE,2Kw9gYcUR,0,0,0,0,Inf,0
FALSE,2P3XlZ715udC+,0,0,0,0,Inf,0
FALSE,2QSgakB1yU,0,0,0,0,Inf,0
FALSE,2X3,0,0,0,0,Inf,0
FALSE,2Xciv,0,0,0,0,Inf,0
FALSE,2XkJTo,0,0,0,0,Inf,0
FALSE,2ZOga7.3qMW3,0,0,0,0,Inf,0
FALSE,2gx5kE-1TPoGZ,0,0,0,0,Inf,0
FALSE,2sQ_pSljL8wvZ,0,0,0,0,Inf,0
FALSE,2tVP9nfnXjMOob6,0,0,0,0,Inf,0
FALSE,2twGHFQAC,0,0,0,0,Inf,0
FALSE,2v.MNnoXkZHGR-,0,0,0,0,Inf,0
FALSE,2zCsrFlxhY,0,0,0,0,Inf,0
FALSE,3C7kLwOQH7c,0,0,0,0,2021-05-22,1
FALSE,3EJ9bll4qP2,0,0,0,0,Inf,0
FALSE,3EwH6TiWaHCe4Xq,0,0,0,0,Inf,0
FALSE,3LDQkk6kmd,0,0,0,0,Inf,0
FALSE,3MHAiuBh,0,0,0,0,Inf,0
FALSE,3W3Y,0,0,0,0,Inf,0
FALSE,3Y9vC+g,0,0,0,0,Inf,0
FALSE,3cnArTtcO,0,0,0,0,Inf,0
FALSE,3dZ_szQ,0,0,0,0,Inf,0
FALSE,3dxv,0,0,0,0,2025-04-09,1
FALSE,3l8LtftjE,0,0,0,0,Inf,0
FALSE,3oZNaSZh.vJ9ijj,0,0,0,0,2025-04-27,1
FALSE,3onnjl76GBgY,0,0,0,0,Inf,0
FALSE,3pKy6ZH5zdn7,0,0,0,0,Inf,0
FALSE,3qNUR,0,0,0,0,Inf,0
FALSE,3tqfbY,0,0,0,0,Inf,0
FALSE,3wnkfMeCZ,0,0,0,0,Inf,0
FALSE,4,0,0,0,0,Inf,0
FALSE,4DVMpF0o,0,0,0,0,Inf,0
FALSE,4E,0,0,0,0,Inf,0
FALSE,4EtOcPc,0,0,0,0,Inf,0
FALSE,4H,0,0,0,0,Inf,0
FALSE,4JXDBd,0,0,0,0,Inf,0
FALSE,4JoWVUkYA6nSrD0,0,0,0,0,Inf,0
FALSE,4M,0,0,0,0,Inf,0
FALSE,4P8HV7,0,0,0,0,Inf,0
FALSE,4PC-s,0,0,0,0,Inf,0
FALSE,4jbFxXuaI2mQ,0,0,0,0,Inf,0
FALSE,4kFPyDfVYISk,0,0,0,0,Inf,0
FALSE,4l5,0,0,0,0,Inf,0
FALSE,4mDzkj_,0,0,0,0,Inf,0
FALSE,4oXk,0,0,0,0,Inf,0
FALSE,4sjb-sXp+v.e,0,0,0,0,Inf,0
FALSE,4vGEMiO,0,0,0,0,Inf,0
FALSE,4x,0,0,0,0,Inf,0
FALSE,5,0,0,0,0,Inf,0
FALSE,5-TTtXBSUk8,0,0,0,0,Inf,0
FALSE,51u9zxt_wU,0,0,0,0,Inf,0
FALSE,552SXrXx3fG,0,0,0,0,Inf,0
FALSE,55TUmMyJfCb,0,0,0,0,Inf,0
FALSE,55uOJgUbOeNuFTn,0,0,0,0,Inf,0
FALSE,5B0,0,0,0,0,Inf,0
FALSE,5BrCB7mbtkL,0,0,0,0,Inf,0
FALSE,5CaiGspyENIx,0,0,0,0,Inf,0
FALSE,5INdb_hHaX59A,0,0,0,0,2023-01-21,1
FALSE,5NphDqcPlLBH4m7,0,0,0,0,Inf,0
FALSE,5QEa6HfBYGq5oF,0,0,0,0,Inf,0
FALSE,5R.jgvsB3HJDqC,0,0,0,0,Inf,0
FALSE,5UyTf6,0,0,0,0,Inf,0
FALSE,5WdeFCN,0,0,0,0,Inf,0
FALSE,5ZG,0,0,0,0,Inf,0
FALSE,5hLOQ27A,0,0,0,0,Inf,0
FALSE,5j7l-Ik,0,0,0,0,Inf,0
FALSE,5j9SmKle,0,0,0,0,Inf,0
FALSE,5jCF1o,0,0,0,0,Inf,0
FALSE,5nQQea+M,0,0,0,0,Inf,0
FALSE,5t3O-CD,0,0,0,0,Inf,0
FALSE,5tl1,0,0,0,0,Inf,0
FALSE,5uEC1u-sRR,0,0,0,0,Inf,0
FALSE,5v,0,0,0,0,Inf,0
FALSE,5vWkkqb7yLXCy,0,0,0,0,Inf,0
FALSE,6-uY5XEA,0,0,0,0,Inf,0
FALSE,69Y.Z7XunvFTQ+n,0,0,0,0,Inf,0
FALSE,6E7IEckNd4Z,0,0,0,0,Inf,0
FALSE,6S9YSDopk.4SV,0,0,0,0,Inf,0
FALSE,6VX1eL+sg,0,0,0,0,Inf,0
FALSE,6hszffscF,0,0,0,0,Inf,0
FALSE,6mWDog6U6e,0,0,0,0,Inf,0
FALSE,6pb5XfKYt_MqUY.,0,0,0,0,Inf,0
FALSE,6un8u,0,0,0,0,Inf,0
FALSE,6uy5idf_2cge,0,0,0,0,Inf,0
FALSE,7-x1_b,0,0,0,0,Inf,0
FALSE,70,0,0,0,0,Inf,0
FALSE,71MIWfiTwR,0,0,0,0,Inf,0
FALSE,72Z2,0,0,0,0,Inf,0
FALSE,74Fdn3,0,0,0,0,Inf,0
FALSE,75Cr+oQjXm,0,0,0,0,Inf,0
FALSE,75aA-paR,0,0,0,0,Inf,0
FALSE,77segYbk,0,0,0,0,Inf,0
FALSE,79gBQFjqCMtA,0,0,0,0,Inf,0
FALSE,7BT5TV83uNcbS,0,0,0,0,Inf,0
FALSE,7D,0,0,0,0,Inf,0
FALSE,7E.,0,0,0,0,Inf,0
FALSE,7GOfn+,0,0,0,0,Inf,0
FALSE,7KbQ4gGAFZAZ,0,0,0,0,Inf,0
FALSE,7Q,0,0,0,0,Inf,0
FALSE,7Qf,0,0,0,0,Inf,0
FALSE,7W46,0,0,0,0,Inf,0
FALSE,7cdm5SiJ24kX,0,0,0,0,Inf,0
FALSE,7iSsSMMAGSBQyLH,0,0,0,0,Inf,0
FALSE,7sKSVcfpi4,0,0,0,0,Inf,0
FALSE,7vPZldqnq3g,0,0,0,0,Inf,0
FALSE,7y1oFHpWTZcqBF,0,0,0,0,Inf,0
FALSE,8,0,0,0,0,Inf,0
FALSE,8.h5j9_tCuII4,0,0,0,0,Inf,0
FALSE,83yW7C,0,0,0,0,Inf,0
FALSE,8BeuFnKXCPC,0,0,0,0,Inf,0
FALSE,8ICEya,0,0,0,0,Inf,0
FALSE,8X7q,0,0,0,0,Inf,0
FALSE,8__Az2_Sk,0,0,0,0,Inf,0
FALSE,8_gVT5M-zpKfms,0,0,0,0,Inf,0
FALSE,8erBc37R.73,0,0,0,0,Inf,0
FALSE,8hnqtIwy,0,0,0,0,Inf,0
FALSE,8i9yzFK-wtSioA,0,0,0,0,Inf,0
FALSE,8mRh-C2lAENae,0,0,0,0,Inf,0
FALSE,8o.DzsPF,0,0,0,0,Inf,0
FALSE,8rHB38-eb_6k_,0,0,0,0,Inf,0
FALSE,8s,0,0,0,0,Inf,0
FALSE,8y,0,0,0,0,Inf,0
FALSE,9,0,0,0,0,Inf,0
FALSE,9-wo8,0,0,0,0,Inf,0
FALSE,91,0,0,0,0,Inf,0
FALSE,91NlTvz,0,0,0,0,Inf,0
FALSE,949v-hHlvfLm,0,0,0,0,Inf,0
FALSE,959Wbkvhu7M,0,0,0,0,Inf,0
FALSE,98Vlk,0,0,0,0,Inf,0
FALSE,9Fh,0,0,0,0,Inf,0
FALSE,9Gh56+msz4zJO3b,0,0,0,0,Inf,0
FALSE,9I1a4F,0,0,0,0,Inf,0
FALSE,9JxDw,0,0,0,0,Inf,0
FALSE,9LHL1IDg-z1IrRO,0,0,0,0,Inf,0
FALSE,9MI0NOS1-0,0,0,0,0,Inf,0
FALSE,9MXrHmWb,0,0,0,0,Inf,0
FALSE,9U,0,0,0,0,Inf,0
FALSE,9XAZ95n_g_,0,0,0,0,Inf,0
FALSE,9X_,0,0,0,0,Inf,0
FALSE,9YvjudCWwC,0,0,0,0,Inf,0
FALSE,9a,0,0,0,0,Inf,0
FALSE,9a-zLnt6UxaPsgb,0,0,0,0,Inf,0
FALSE,9bKj2AAiMZAz,0,0,0,0,Inf,0
FALSE,9hezks0Za9i2,0,0,0,0,Inf,0
FALSE,9wmtM_,0,0,0,0,Inf,0
FALSE,9xD8_OkL1YXkY,0,0,0,0,Inf,0
FALSE,9y,0,0,0,0,Inf,0
FALSE,A,0,0,0,0,Inf,0
FALSE,A3OkRkQEc+,0,0,0,0,Inf,0
FALSE,A4,0,0,0,0,Inf,0
FALSE,A4U978,0,0,0,0,Inf,0
FALSE,AAguhjQ.yOqAa,0,0,0,0,Inf,0
FALSE,AAqzc,0,0,0,0,Inf,0
FALSE,AIEqvCDdGITWkpg,0,0,0,0,Inf,0
FALSE,AJ0Z_lHcOoR,0,0,0,0,Inf,0
FALSE,AJtV1,0,0,0,0,Inf,0
FALSE,AOsfDUeL.fKm,0,0,0,0,Inf,0
FALSE,APfL,0,0,0,0,Inf,0
FALSE,AUw081Wyz,0,0,0,0,2021-12-15,1
FALSE,AY52n-bbWXWOs_u,0,0,0,0,Inf,0
FALSE,AbQh7WlpOD,0,0,0,0,Inf,0
FALSE,Ad0oVDMT,0,0,0,0,Inf,0
FALSE,AexaCbphfy8Db,0,0,0,0,Inf,0
FALSE,Ak,0,0,0,0,Inf,0
FALSE,AkhxIq69aga2O,0,0,0,0,Inf,0
FALSE,Apiqu,0,0,0,0,Inf,0
FALSE,As,0,0,0,0,Inf,0
FALSE,AsD59_VKOeAtm_9,0,0,0,0,Inf,0
FALSE,Au,0,0,0,0,Inf,0
FALSE,Az1ngfWKfhj+fr1,0,0,0,0,Inf,0
FALSE,B7,0,0,0,0,Inf,0
FALSE,BC,0,0,0,0,Inf,0
FALSE,BErVeuXBt,0,0,0,0,Inf,0
FALSE,BM.4c6jHcx,0,0,0,0,Inf,0
FALSE,BW75Raiq,0,0,0,0,Inf,0
FALSE,BWCyrfAnRQFMOpX,0,0,0,0,Inf,0
FALSE,BY3EvdcF.K7.Tgg,0,0,0,0,Inf,0
FALSE,BZo,0,0,0,0,Inf,0
FALSE,BaNnq9-bV,0,0,0,0,Inf,0
FALSE,BbLz0PO,0,0,0,0,Inf,0
FALSE,Bfn,0,0,0,0,Inf,0
FALSE,BhtNBANvan,0,0,0,0,Inf,0
FALSE,Bmjvnp,0,0,0,0,Inf,0
FALSE,BovvFz4nPJQ,0,0,0,0,Inf,0
FALSE,Br0dxek0q9r,0,0,0,0,Inf,0
FALSE,Bu,0,0,0,0,Inf,0
FALSE,BuC7RNVWTV7,0,0,0,0,Inf,0
FALSE,BxDLiD-ntSFXKhY,0,0,0,0,Inf,0
FALSE,BzBq0YrqC_P1,0,0,0,0,Inf,0
FALSE,C,0,0,0,0,2021-08-31,1
FALSE,C5VCFPBv,0,0,0,0,Inf,0
FALSE,CA,0,0,0,0,Inf,0
FALSE,CB-htmMMiK79,0,0,0,0,Inf,0
FALSE,CE+C3MK6CB0k,0,0,0,0,2025-12-19,1
FALSE,CZfKCNA47VBKgj4,0,0,0,0,Inf,0
FALSE,CZq,0,0,0,0,Inf,0
FALSE,Ca7fmJkn2,0,0,0,0,Inf,0
FALSE,CbD0iPjmek,0,0,0,0,Inf,0
FALSE,Ck29K,0,0,0,0,Inf,0
FALSE,CkOkmEonA4,0,0,0,0,Inf,0
FALSE,Co,0,0,0,0,Inf,0
FALSE,Cpz,0,0,0,0,Inf,0
FALSE,CrEH7OvscB,0,0,0,0,Inf,0
FALSE,CsiL,0,0,0,0,Inf,0
FALSE,CsnXu6jkvnV,0,0,0,0,Inf,0
FALSE,CtB.v-672h,0,0,0,0,Inf,0
FALSE,CvIpi-TmNy,0,0,0,0,Inf,0
FALSE,Cvyj1U3cd,0,0,0,0,Inf,0
FALSE,CwUI88MnI7HECI,0,0,0,0,Inf,0
FALSE,D,0,0,0,0,Inf,0
FALSE,D-DcuxdvE,0,0,0,0,Inf,0
FALSE,D1DGxPfph.L6tnR,0,0,0,0,Inf,0
FALSE,D3i,0,0,0,0,Inf,0
FALSE,DFxYK3oSd2LA7,0,0,0,0,Inf,0
FALSE,DNYeO,0,0,0,0,Inf,0
FALSE,DOsxQMV,0,0,0,0,Inf,0
FALSE,DTutImUoiYy,0,0,0,0,Inf,0
FALSE,DYIPW,0,0,0,0,Inf,0
FALSE,DZSBvJ,0,0,0,0,Inf,0
FALSE,DeLLk1je2llS,0,0,0,0,Inf,0
FALSE,DjH.Z,0,0,0,0,Inf,0
FALSE,Djaa7KjILSttNIJ,0,0,0,0,Inf,0
FALSE,DrLs.gEx6,0,0,0,0,Inf,0
FALSE,Dv-gsDBjv-1oy1,0,0,0,0,Inf,0
FALSE,DzVDWX41aOSVA,0,0,0,0,Inf,0
FALSE,E,0,0,0,0,Inf,0
FALSE,E..sHZNkMlC,0,0,0,0,Inf,0
FALSE,E5qgM9,0,0,0,0,Inf,0
FALSE,E6,0,0,0,0,Inf,0
FALSE,E7M5MAz3WDU9J,0,0,0,0,Inf,0
FALSE,EM67o+XKn3o,0,0,0,0,Inf,0
FALSE,EO.V,0,0,0,0,Inf,0
FALSE,EQ,0,0,0,0,Inf,0
FALSE,EQJAr11Ln4,0,0,0,0,Inf,0
FALSE,E_,0,0,0,0,Inf,0
FALSE,EbSe8,0,0,0,0,Inf,0
FALSE,Ebi8,0,0,0,0,Inf,0
FALSE,Edw3,0,0,0,0,Inf,0
FALSE,ExKR+,0,0,0,0,Inf,0
FALSE,F0PoJe4zuyRhZ8,0,0,0,0,Inf,0
FALSE,FB1IZTtNVb,0,0,0,0,Inf,0
FALSE,FGduZr-Sm9y8W9I,0,0,0,0,Inf,0
FALSE,FIafcq,0,0,0,0,Inf,0
FALSE,FK,0,0,0,0,Inf,0
FALSE,FKb3GPQ,0,0,0,0,Inf,0
FALSE,FKtpdUPop_WIC3,0,0,0,0,Inf,0
FALSE,FPwT-vs3yNPF,0,0,0,0,Inf,0
FALSE,FTW+,0,0,0,0,Inf,0
FALSE,FXhi5vyvgu,0,0,0,0,Inf,0
FALSE,FXkK,0,0,0,0,Inf,0
FALSE,Fal,0,0,0,0,2022-12-02,1
FALSE,FeJc,0,0,0,0,Inf,0
FALSE,FgcFyL-r,0,0,0,0,Inf,0
FALSE,Fhkn,0,0,0,0,Inf,0
FALSE,FkNYGQ6k9xo6aJx,0,0,0,0,Inf,0
FALSE,Flvw1c7Q0.SLQ,0,0,0,0,Inf,0
FALSE,FmC,0,0,0,0,Inf,0
FALSE,Fp3zgS1,0,0,0,0,Inf,0
FALSE,G,0,0,0,0,Inf,0
FALSE,G+JCwn3WK,0,0,0,0,Inf,0
FALSE,G1kg,0,0,0,0,Inf,0
FALSE,G4JReLbO5,0,0,0,0,Inf,0
FALSE,G50Mr.b_Wgaa3Q,0,0,0,0,Inf,0
FALSE,G7JqsOg,0,0,0,0,Inf,0
FALSE,G9Pfg+ZLb-0t,0,0,0,0,Inf,0
FALSE,GDd,0,0,0,0,Inf,0
FALSE,GJnK,0,0,0,0,Inf,0
FALSE,GJs5,0,0,0,0,Inf,0
FALSE,GPn4yNqXrAk,0,0,0,0,Inf,0
FALSE,GV_U39Fp0f,0,0,0,0,Inf,0
FALSE,GVqdKchuw001TZ,0,0,0,0,Inf,0
FALSE,GcV2YEAfxLYXMz,0,0,0,0,Inf,0
FALSE,GhEiJ937vIUpb,0,0,0,0,Inf,0
FALSE,GxGgm9,0,0,0,0,Inf,0
FALSE,Gx_By9vOQ,0,0,0,0,Inf,0
FALSE,Gy,0,0,0,0,Inf,0
FALSE,H,0,0,0,0,Inf,0
FALSE,H+,0,0,0,0,Inf,0
FALSE,H+KFS,0,0,0,0,Inf,0
FALSE,H23n8oO-,0,0,0,0,Inf,0
FALSE,H6VObLE,0,0,0,0,Inf,0
FALSE,H8ZNQoU,0,0,0,0,Inf,0
FALSE,HBHq,0,0,0,0,Inf,0
FALSE,HG17C9B1Mspq,0,0,0,0,Inf,0
FALSE,HGm.lCi,0,0,0,0,Inf,0
FALSE,HI_F,0,0,0,0,Inf,0
FALSE,HMNXd,0,0,0,0,Inf,0
FALSE,HOWJ9wuQumpg,0,0,0,0,Inf,0
FALSE,HOptraJo9qP,0,0,0,0,Inf,0
FALSE,HQPnSLuSYWcijR,0,0,0,0,Inf,0
FALSE,HYMvFA3UO,0,0,0,0,Inf,0
FALSE,H_,0,0,0,0,Inf,0
FALSE,HbIezeaO9QXW9,0,0,0,0,Inf,0
FALSE,Hh,0,0,0,0,Inf,0
FALSE,HjH0JlT1,0,0,0,0,Inf,0
FALSE,Hjrv2tG7,0,0,0,0,Inf,0
FALSE,Hl9.pT4Mllkh,0,0,0,0,Inf,0
FALSE,Hrquspa_G,0,0,0,0,Inf,0
FALSE,HvHL2iBnynqKL5,0,0,0,0,Inf,0
FALSE,HxuWR2fOmPrO2,0,0,0,0,Inf,0
FALSE,Hzzdiz,0,0,0,0,Inf,0
FALSE,I,0,0,0,0,Inf,0
FALSE,I-JRw.Yir,0,0,0,0,Inf,0
FALSE,I.FUGN6ou,0,0,0,0,Inf,0
FALSE,I0F3NdWKAf+i,0,0,0,0,Inf,0
FALSE,I4gELApFD4rNqS,0,0,0,0,Inf,0
FALSE,I5KEVuYVRnv,0,0,0,0,Inf,0
FALSE,I76HdIL__,0,0,0,0,Inf,0
FALSE,IB,0,0,0,0,Inf,0
FALSE,IEeycp8kJLa2p,0,0,0,0,Inf,0
FALSE,ILQXpNX89HOeW,0,0,0,0,Inf,0
FALSE,IRUa0q,0,0,0,0,Inf,0
FALSE,ISy1p4D.Z,0,0,0,0,Inf,0
FALSE,IXDuw,0,0,0,0,2022-06-21,1
FALSE,I_78OJRqXXlwXw,0,0,0,0,Inf,0
FALSE,I_gPjfLq5x-00K4,0,0,0,0,Inf,0
FALSE,IaUiV8vnj7mndE,0,0,0,0,Inf,0
FALSE,IdOLHlgG6CZ,0,0,0,0,Inf,0
FALSE,Iduamz,0,0,0,0,Inf,0
FALSE,Iho12M,0,0,0,0,Inf,0
FALSE,Im,0,0,0,0,Inf,0
FALSE,Ir1YTycJwTx,0,0,0,0,2024-01-04,1
FALSE,It,0,0,0,0,Inf,0
FALSE,IxXLruc,0,0,0,0,Inf,0
FALSE,IygP_dMsDqsVRT0,0,0,0,0,Inf,0
FALSE,J-,0,0,0,0,Inf,0
FALSE,J0QjEE+V,0,0,0,0,Inf,0
FALSE,J0w-WNHqm,0,0,0,0,Inf,0
FALSE,J3-nMafMlc,0,0,0,0,Inf,0
FALSE,J6Ar-,0,0,0,0,Inf,0
FALSE,JB,0,0,0,0,Inf,0
FALSE,JDINh,0,0,0,0,Inf,0
FALSE,JFN,0,0,0,0,Inf,0
FALSE,JM,0,0,0,0,Inf,0
FALSE,JNlnATvxoop06Z,0,0,0,0,Inf,0
FALSE,JTabP9c,0,0,0,0,Inf,0
FALSE,JV,0,0,0,0,Inf,0
FALSE,JWeuly+Hq,0,0,0,0,2024-12-05,1
FALSE,Jdnfa_f,0,0,0,0,Inf,0
FALSE,JeiAIG,0,0,0,0,Inf,0
FALSE,Jit,0,0,0,0,Inf,0
FALSE,Jje+K4zA,0,0,0,0,Inf,0
FALSE,Jky,0,0,0,0,Inf,0
FALSE,JsL5G1eDReXLpZ,0,0,0,0,Inf,0
FALSE,Juy1VEcm,0,0,0,0,Inf,0
FALSE,Jz9CuKQJYyvmMy,0,0,0,0,Inf,0
FALSE,Jz_JcrOGaM3k,0,0,0,0,Inf,0
FALSE,K-YfyPKKZBHqE,0,0,0,0,Inf,0
FALSE,K0x4pIU1qe0fpjU,0,0,0,0,Inf,0
FALSE,K1d.wkar49WC,0,0,0,0,Inf,0
FALSE,K3fDPCTgMns,0,0,0,0,Inf,0
FALSE,KAP5I1qXfcNMeNd,0,0,0,0,Inf,0
FALSE,KEBNQgR,0,0,0,0,Inf,0
FALSE,KG,0,0,0,0,Inf,0
FALSE,KKMW3d2J46t8,0,0,0,0,Inf,0
FALSE,KPl,0,0,0,0,Inf,0
FALSE,KQ1xcaU,0,0,0,0,Inf,0
FALSE,K_08sL,0,0,0,0,2025-05-25,1
FALSE,KaoWX6rEt,0,0,0,0,Inf,0
FALSE,Kaxt5Fw8Gyn-Vh.,0,0,0,0,Inf,0
FALSE,KiipKcvZkiN,0,0,0,0,2024-04-08,1
FALSE,Km6vy,0,0,0,0,Inf,0
FALSE,KpXtlocB,0,0,0,0,Inf,0
FALSE,KvE,0,0,0,0,Inf,0
FALSE,KxlIl18dvker6A,0,0,0,0,Inf,0
FALSE,L,0,0,0,0,Inf,0
FALSE,L.P2QDze,0,0,0,0,Inf,0
FALSE,L0w3JJ2LmFi,0,0,0,0,Inf,0
FALSE,L8OuGhFQ6,0,0,0,0,Inf,0
FALSE,LAXJjMnbxA,0,0,0,0,Inf,0
FALSE,LB-WPGMFHfcEe,0,0,0,0,Inf,0
FALSE,LBObo08L5,0,0,0,0,Inf,0
FALSE,LBel,0,0,0,0,Inf,0
FALSE,LFgbihz-EIq+,0,0,0,0,Inf,0
FALSE,LFqDS1A82FGnuy,0,0,0,0,Inf,0
FALSE,LFxLNebjvXl0h-,0,0,0,0,Inf,0
FALSE,LRMAgp,0,0,0,0,Inf,0
FALSE,LcC.p3XV6dAPqK,0,0,0,0,Inf,0
FALSE,Le,0,0,0,0,Inf,0
FALSE,Lim73TdQ2gqgWXQ,0,0,0,0,Inf,0
FALSE,LjG980tJuC,0,0,0,0,Inf,0
FALSE,LtXQ7,0,0,0,0,Inf,0
FALSE,LxcAuF3lW,0,0,0,0,Inf,0
FALSE,Lyml,0,0,0,0,Inf,0
FALSE,LyqFs3dHouzT3,0,0,0,0,Inf,0
FALSE,M,0,0,0,0,Inf,0
FALSE,M1I,0,0,0,0,2024-12-01,1
FALSE,MAe44o655GSt-,0,0,0,0,Inf,0
FALSE,MDB,0,0,0,0,Inf,0
FALSE,MErEp_zDwAlra,0,0,0,0,Inf,0
FALSE,MOpTAeIs8ElE,0,0,0,0,Inf,0
FALSE,MQ5,0,0,0,0,Inf,0
FALSE,MQ6i,0,0,0,0,Inf,0
FALSE,MQ7-cKoIkNS2,0,0,0,0,Inf,0
FALSE,MYJTk33,0,0,0,0,Inf,0
FALSE,M_wACYmn.Nm,0,0,0,0,Inf,0
FALSE,MaTWOJt4BK6,0,0,0,0,Inf,0
FALSE,MafAWX6LLu82,0,0,0,0,Inf,0
FALSE,Mi8JLonZ,0,0,0,0,Inf,0
FALSE,MndK+8EIERvL,0,0,0,0,Inf,0
FALSE,Mnk-hGHRbpIxkV,0,0,0,0,2024-05-10,1
FALSE,MoYZjBO-E,0,0,0,0,Inf,0
FALSE,MpcwoQgTpJ0,0,0,0,0,Inf,0
FALSE,Mu.F,0,0,0,0,Inf,0
FALSE,Mv7mlCDZMOKUhn,0,0,0,0,Inf,0
FALSE,MvL9v6nHr7q.bDw,0,0,0,0,Inf,0
FALSE,Mx9+ERlKo,0,0,0,0,Inf,0
FALSE,Mz2_GzB.yM,0,0,0,0,Inf,0
FALSE,N,0,0,0,0,Inf,0
FALSE,N+X4NM0zZ,0,0,0,0,Inf,0
FALSE,N-F42U0J,0,0,0,0,Inf,0
FALSE,N0+Pi,0,0,0,0,Inf,0
FALSE,N4PhoN6Me6iG-80,0,0,0,0,Inf,0
FALSE,N7Rr1r,0,0,0,0,Inf,0
FALSE,N9UQW_.S,0,0,0,0,Inf,0
FALSE,NA-9Mzj9rPKQGul,0,0,0,0,Inf,0
FALSE,NGv,0,0,0,0,Inf,0
FALSE,NHNavILyOIr5b,0,0,0,0,Inf,0
FALSE,NN,0,0,0,0,Inf,0
FALSE,NbCDK,0,0,0,0,Inf,0
FALSE,NdzVWdPSQDJLtD,0,0,0,0,Inf,0
FALSE,NhObOoibciW,0,0,0,0,Inf,0
FALSE,Nl,0,0,0,0,Inf,0
FALSE,NlAtsY,0,0,0,0,Inf,0
FALSE,Ns_L8ZL-0+fd9rk,0,0,0,0,Inf,0
FALSE,Nt-PFERIZ,0,0,0,0,Inf,0
FALSE,NtTj.,0,0,0,0,Inf,0
FALSE,NuBB40muVtc,0,0,0,0,Inf,0
FALSE,Nv+So1,0,0,0,0,Inf,0
FALSE,NvAZH,0,0,0,0,Inf,0
FALSE,O,0,0,0,0,Inf,0
FALSE,O+6D,0,0,0,0,Inf,0
FALSE,O.Fg,0,0,0,0,Inf,0
FALSE,O2tW.PlgJqjJk,0,0,0,0,Inf,0
FALSE,OCSRMlG,0,0,0,0,Inf,0
FALSE,OL,0,0,0,0,Inf,0
FALSE,OLnvjn1OV+Q4-O,0,0,0,0,Inf,0
FALSE,OM,0,0,0,0,Inf,0
FALSE,OdMgcrGze,0,0,0,0,Inf,0
FALSE,Oh-XR2+YbRsv,0,0,0,0,Inf,0
FALSE,Oi_2h5MwONf8HN,0,0,0,0,Inf,0
FALSE,Ok+q-9oFhbBXCE,0,0,0,0,Inf,0
FALSE,Oov5psYq8hE,0,0,0,0,Inf,0
FALSE,Oso0n,0,0,0,0,Inf,0
FALSE,P,10,10,0,0,Inf,0
FALSE,P+A,0,0,0,0,Inf,0
FALSE,P-8D76,0,0,0,0,Inf,0
FALSE,P-Z+_.FujhBW7,0,0,0,0,Inf,0
FALSE,P-xl21PmnqEZ,0,0,0,0,Inf,0
FALSE,P3GmWyN,0,0,0,0,Inf,0
FALSE,P3q_+GBi68Wlj,0,0,0,0,Inf,0
FALSE,P6c,0,0,0,0,Inf,0
FALSE,P6e.Hwxyz70EGfD,0,0,0,0,Inf,0
FALSE,P73,0,0,0,0,Inf,0
FALSE,P8.-q1dZxL,0,0,0,0,Inf,0
FALSE,P89fWTG0,0,0,0,0,Inf,0
FALSE,P8WMbeP6Zd,0,0,0,0,Inf,0
FALSE,P8d,0,0,0,0,Inf,0
FALSE,P9JSSAmOrC1BO,0,0,0,0,Inf,0
FALSE,P9pG3jbwlQQYEjt,0,0,0,0,Inf,0
FALSE,PA+,0,0,0,0,Inf,0
FALSE,PI,0,0,0,0,Inf,0
FALSE,PKgrvxafOJ3ewH,0,0,0,0,Inf,0
FALSE,PMD,0,0,0,0,Inf,0
FALSE,POfdKEc0eprT,0,0,0,0,Inf,0
FALSE,PQA,0,0,0,0,Inf,0
FALSE,PUek.LtV4.+CQFJ,0,0,0,0,Inf,0
FALSE,PbOH2I0.DxtufzY,0,0,0,0,Inf,0
FALSE,PhQb614,0,0,0,0,Inf,0
FALSE,PhT,0,0,0,0,Inf,0
FALSE,PkF+G+TuopIC,0,0,0,0,Inf,0
FALSE,PlAuChdS,0,0,0,0,Inf,0
FALSE,PqY,0,0,0,0,Inf,0
FALSE,Pr2XlV7CJWS,0,0,0,0,Inf,0
FALSE,PybZ,0,0,0,0,Inf,0
FALSE,Q,0,0,0,0,Inf,0
FALSE,Q-sz,0,0,0,0,Inf,0
FALSE,Q.Tc3yqQ1gf,0,0,0,0,Inf,0
FALSE,Q.YhU9bxUnD,0,0,0,0,Inf,0
FALSE,QKVk1h4yKhcG,0,0,0,0,Inf,0
FALSE,QMyB,0,0,0,0,Inf,0
FALSE,QPd62j,0,0,0,0,Inf,0
FALSE,QRU9+O,0,0,0,0,Inf,0
FALSE,QZy,0,0,0,0,Inf,0
FALSE,QdxbHE5,0,0,0,0,Inf,0
FALSE,Qgz2as,0,0,0,0,Inf,0
FALSE,Qju60pZxiHT,0,0,0,0,Inf,0
FALSE,QlI7C,0,0,0,0,Inf,0
FALSE,QsugY,0,0,0,0,Inf,0
FALSE,QtkV2W0qNOP,0,0,0,0,Inf,0
FALSE,Qv,0,0,0,0,Inf,0
FALSE,QwH5LDW9M5fEy,0,0,0,0,Inf,0
FALSE,R00R,0,0,0,0,Inf,0
FALSE,R2y9K2,0,0,0,0,Inf,0
FALSE,R3nDqVT,0,0,0,0,Inf,0
FALSE,R5,0,0,0,0,Inf,0
FALSE,R8HTuTg7_z-,0,0,0,0,Inf,0
FALSE,R8OWA4Ob,0,0,0,0,Inf,0
FALSE,R9z+0y89qL8J9hh,0,0,0,0,Inf,0
FALSE,RAGhEyyHG,0,0,0,0,Inf,0
FALSE,RBCLMj7XqsrA,0,0,0,0,Inf,0
FALSE,RBcWSfB3IWiZNSl,0,0,0,0,Inf,0
FALSE,RC5LudrzyRi,0,0,0,0,Inf,0
FALSE,RN8dxrDt3TF6,0,0,0,0,Inf,0
FALSE,RnS6Qu4GMw21,0,0,0,0,Inf,0
FALSE,RsfKdzlA1n0,0,0,0,0,Inf,0
FALSE,RtaxaZ1avprD,0,0,0,0,Inf,0
FALSE,RvJSlDFEQUE,0,0,0,0,Inf,0
FALSE,S,0,0,0,0,Inf,0
FALSE,S+,0,0,0,0,Inf,0
FALSE,S+f,0,0,0,0,Inf,0
FALSE,S-TGl4+i2rg,0,0,0,0,Inf,0
FALSE,S.Jq,0,0,0,0,Inf,0
FALSE,S2BlY0_+P,0,0,0,0,Inf,0
FALSE,S4.lBivXbiM,0,0,0,0,Inf,0
FALSE,S6J1ECBMKw.7n3E,0,0,0,0,Inf,0
FALSE,S7Vm,0,0,0,0,Inf,0
FALSE,SAgz9mDpf,0,0,0,0,Inf,0
FALSE,SDi,0,0,0,0,Inf,0
FALSE,SJmqm1mDoNu_l,0,0,0,0,Inf,0
FALSE,SMFheZyaPL,0,0,0,0,Inf,0
FALSE,SOIJ6_ASM,0,0,0,0,Inf,0
FALSE,SP5kM7lfnI5,0,0,0,0,Inf,0
FALSE,SQgv,0,0,0,0,Inf,0
FALSE,SU.klfRwQ3ir,0,0,0,0,Inf,0
FALSE,SWvWc+VXGj,0,0,0,0,Inf,0
FALSE,S_Yh2U6teZ8hAZ,0,0,0,0,Inf,0
FALSE,Sc3Y4d3Xd6d,0,0,0,0,Inf,0
FALSE,SemAxq,0,0,0,0,Inf,0
FALSE,SgvOgp+,0,0,0,0,Inf,0
FALSE,Stl-rIE.BzWT32,0,0,0,0,Inf,0
FALSE,StztBS77U,0,0,0,0,2021-11-10,1
FALSE,SxZ_ExXtEhMZ,0,0,0,0,Inf,0
FALSE,T345,0,0,0,0,Inf,0
FALSE,TCENWor7HN5qM.,0,0,0,0,Inf,0
FALSE,TCjBFDeQ,0,0,0,0,Inf,0
FALSE,TF23.SQhb3GT+Ke,0,0,0,0,Inf,0
FALSE,TH,0,0,0,0,Inf,0
FALSE,TJb,0,0,0,0,Inf,0
FALSE,TL7TnJ,0,0,0,0,Inf,0
FALSE,TLszCw2Rcp,0,0,0,0,Inf,0
FALSE,TMIJV,0,0,0,0,Inf,0
FALSE,TN,0,0,0,0,Inf,0
FALSE,TOwPah,0,0,0,0,Inf,0
FALSE,TQGmg3cl,0,0,0,0,Inf,0
FALSE,TQsZ2XD,0,0,0,0,Inf,0
FALSE,TQz.4u,0,0,0,0,Inf,0
FALSE,TSIlb,0,0,0,0,Inf,0
FALSE,TZ+,0,0,0,0,Inf,0
FALSE,TaBIfoOh,0,0,0,0,Inf,0
FALSE,Tfv7,0,0,0,0,Inf,0
FALSE,Tj1kkXw5n,0,0,0,0,Inf,0
FALSE,TldRwx6jrQd,0,0,0,0,Inf,0
FALSE,To4srjGSY,0,0,0,0,Inf,0
FALSE,TsEBrYt33K,0,0,0,0,Inf,0
FALSE,TxC8fnw,0,0,0,0,Inf,0
FALSE,TxMysfe.oZ1s0,0,0,0,0,Inf,0
FALSE,TzEa-QRhhHw3a,0,0,0,0,Inf,0
FALSE,U,0,0,0,0,Inf,0
FALSE,U3-LgiCYyv,0,0,0,0,Inf,0
FALSE,U4cbF9,0,0,0,0,Inf,0
FALSE,UBS,0,0,0,0,Inf,0
FALSE,UKVW9qUmbYk,0,0,0,0,Inf,0
FALSE,UKwA,0,0,0,0,Inf,0
FALSE,ULLN+PFx-I.PI,0,0,0,0,Inf,0
FALSE,UNnLwTi-w8,0,0,0,0,Inf,0
FALSE,URjlm+Cy,0,0,0,0,Inf,0
FALSE,US,0,0,0,0,Inf,0
FALSE,UWfPnszqrR,0,0,0,0,Inf,0
FALSE,UYtsIZ,0,0,0,0,Inf,0
FALSE,U_-vxJJ8M4CoM,0,0,0,0,Inf,0
FALSE,Uvia4,0,0,0,0,Inf,0
FALSE,UyLnzg,0,0,0,0,Inf,0
FALSE,V,0,0,0,0,Inf,0
FALSE,V1m,0,0,0,0,Inf,0
FALSE,V3W,0,0,0,0,Inf,0
FALSE,VA4pkY4,0,0,0,0,Inf,0
FALSE,VB-QD-Z,0,0,0,0,Inf,0
FALSE,VEAbPtwrH,0,0,0,0,Inf,0
FALSE,VHH.PY4RGug,0,0,0,0,Inf,0
FALSE,VI-IEhXXFZrn1yy,0,0,0,0,Inf,0
FALSE,VP0B6PS_,0,0,0,0,Inf,0
FALSE,VXmN,0,0,0,0,Inf,0
FALSE,VZ5,0,0,0,0,Inf,0
FALSE,V_0WIZ+2TM6,0,0,0,0,Inf,0
FALSE,Vco0TUl2M,0,0,0,0,Inf,0
FALSE,VlIfU9F7CZuSz,0,0,0,0,Inf,0
FALSE,Vp7v-Gy3do,0,0,0,0,Inf,0
FALSE,VpM0WSx5,0,0,0,0,Inf,0
FALSE,Vv8tK88RE,0,0,0,0,Inf,0
FALSE,VvP1,0,0,0,0,Inf,0
FALSE,VxZQAqC,0,0,0,0,Inf,0
FALSE,W,0,0,0,0,Inf,0
FALSE,W+pTuv25,0,0,0,0,Inf,0
FALSE,W162c6SN,0,0,0,0,Inf,0
FALSE,W3Kyb2N94ST,0,0,0,0,Inf,0
FALSE,WD2U3RRGfF,0,0,0,0,Inf,0
FALSE,WJ4RyJdY,0,0,0,0,Inf,0
FALSE,WKezp-aO0FjO6kj,0,0,0,0,Inf,0
FALSE,WLg3geYG+G1,0,0,0,0,Inf,0
FALSE,WMwM3ThlJ,0,0,0,0,Inf,0
FALSE,WNjpvD,0,0,0,0,Inf,0
FALSE,WX-DLPn9y4IIiv,0,0,0,0,Inf,0
FALSE,WbDw,0,0,0,0,Inf,0
FALSE,WchTmDp5.Q,0,0,0,0,Inf,0
FALSE,WfQta-K2NyLD+,0,0,0,0,Inf,0
FALSE,Wf_,0,0,0,0,Inf,0
FALSE,WfqGvVPbu,0,0,0,0,Inf,0
FALSE,WguYtdWz,0,0,0,0,Inf,0
FALSE,WhadQxV,0,0,0,0,Inf,0
FALSE,WicX_CSlM2L,0,0,0,0,Inf,0
FALSE,WkmEa7cnS41,0,0,0,0,Inf,0
FALSE,Wn0RNgsD,0,0,0,0,Inf,0
FALSE,Wq0I-ke,0,0,0,0,Inf,0
FALSE,WtQ3oW,0,0,0,0,Inf,0
FALSE,Wv,0,0,0,0,Inf,0
FALSE,X,0,0,0,0,Inf,0
FALSE,X1zg,0,0,0,0,Inf,0
FALSE,X5N1dmg.V,0,0,0,0,Inf,0
FALSE,XBi+SBXfwjoS,0,0,0,0,Inf,0
FALSE,XFrUJ_XFPuSY,0,0,0,0,Inf,0
FALSE,XO,0,0,0,0,Inf,0
FALSE,XPKlSi0ncC,0,0,0,0,Inf,0
FALSE,XRgG5xydnUGVH,0,0,0,0,Inf,0
FALSE,XW,0,0,0,0,Inf,0
FALSE,XWMqUfEM,0,0,0,0,Inf,0
FALSE,XY5Cxg9rVEd-4Go,0,0,0,0,Inf,0
FALSE,X_VRT,0,0,0,0,Inf,0
FALSE,Xe,0,0,0,0,Inf,0
FALSE,Xo,0,0,0,0,Inf,0
FALSE,XoEOad8Shhb8,0,0,0,0,Inf,0
FALSE,Xs4,0,0,0,0,Inf,0
FALSE,XzKUKAt_7+6Lw,0,0,0,0,Inf,0
FALSE,Y,0,0,0,0,Inf,0
FALSE,Y1sAsp.q4s,0,0,0,0,Inf,0
FALSE,YA-X+x5P,0,0,0,0,Inf,0
FALSE,YDv,0,0,0,0,Inf,0
FALSE,YEBi8qkb,0,0,0,0,Inf,0
FALSE,YNZTRghgr9M3-,0,0,0,0,Inf,0
FALSE,YRhQapAVNu,0,0,0,0,Inf,0
FALSE,YVaC+V,0,0,0,0,Inf,0
FALSE,YVwWHK1KT,0,0,0,0,Inf,0
FALSE,YYfQFh-R.3tEDM,0,0,0,0,Inf,0
FALSE,YaK,0,0,0,0,Inf,0
FALSE,YdfwQYQSnw,0,0,0,0,Inf,0
FALSE,Ye,0,0,0,0,Inf,0
FALSE,YeKE8ZB,0,0,0,0,Inf,0
FALSE,Yh9C,0,0,0,0,Inf,0
FALSE,Yo-iUZ,0,0,0,0,Inf,0
FALSE,Z,0,0,0,0,Inf,0
FALSE,Z+C6gB-+pD4s,0,0,0,0,Inf,0
FALSE,Z.4DEMemr8AxY_,0,0,0,0,Inf,0
FALSE,Z23AOZqI,0,0,0,0,Inf,0
FALSE,Z7q9hcmNQ,0,0,0,0,Inf,0
FALSE,Z9.2RU3n9X,0,0,0,0,Inf,0
FALSE,ZD2rg6nuTk,0,0,0,0,Inf,0
FALSE,ZFq5+YVd,0,0,0,0,Inf,0
FALSE,ZGerVW,0,0,0,0,Inf,0
FALSE,ZOoyHX5f,0,0,0,0,Inf,0
FALSE,ZX73lFqGVk9f,0,0,0,0,Inf,0
FALSE,ZY5xs4O5YY4,0,0,0,0,Inf,0
FALSE,ZZec,0,0,0,0,Inf,0
FALSE,Z_3dnmn7l,0,0,0,0,Inf,0
FALSE,Z_N5+KkteyN,0,0,0,0,Inf,0
FALSE,Zctqtgk-88L,0,0,0,0,Inf,0
FALSE,ZiQu,0,0,0,0,Inf,0
FALSE,ZkJO_C61,0,0,0,0,Inf,0
FALSE,Zmj9,0,0,0,0,Inf,0
FALSE,_,0,0,0,0,Inf,0
FALSE,_+H761Pm4,0,0,0,0,Inf,0
FALSE,_.dN,0,0,0,0,Inf,0
FALSE,_.kt7lFxF,0,0,0,0,Inf,0
FALSE,_0Z1P+57RqFWnVt,0,0,0,0,Inf,0
FALSE,_4IW7,0,0,0,0,Inf,0
FALSE,_4n2.rTXau4,0,0,0,0,Inf,0
FALSE,_9BdOwDo,0,0,0,0,Inf,0
FALSE,_A,0,0,0,0,Inf,0
FALSE,_BiwdlJs,0,0,0,0,Inf,0
FALSE,_CyxcjLed,0,0,0,0,Inf,0
FALSE,_J.pqL-_3C4rss_,0,0,0,0,Inf,0
FALSE,_K.lpNnNp,0,0,0,0,Inf,0
FALSE,_KblBudYA,0,0,0,0,Inf,0
FALSE,_Pd,0,0,0,0,Inf,0
FALSE,_Vaa8wNi.2zKYb,0,0,0,0,Inf,0
FALSE,_aPVXw-.9,0,0,0,0,Inf,0
FALSE,_bgvCb2E+j6mxu5,0,0,0,0,Inf,0
FALSE,_c,0,0,0,0,Inf,0
FALSE,_cH,0,0,0,0,Inf,0
FALSE,_eZEjwjh_35E7D1,0,0,0,0,Inf,0
FALSE,_fQFr8sSslp2PNm,0,0,0,0,Inf,0
FALSE,_fyXQ,0,0,0,0,Inf,0
FALSE,_lDoIIAgvmAdRK,0,0,0,0,Inf,0
FALSE,_nC7,0,0,0,0,Inf,0
FALSE,_pvsQ+X8,0,0,0,0,Inf,0
FALSE,_tgs,0,0,0,0,Inf,0
FALSE,_u_C,0,0,0,0,Inf,0
FALSE,_v1eJHB,0,0,0,0,Inf,0
FALSE,_vPKBQDsbnBF,0,0,0,0,Inf,0
FALSE,a,0,0,0,0,Inf,0
FALSE,a-Yr+3oNM+,0,0,0,0,Inf,0
FALSE,a1,0,0,0,0,Inf,0
FALSE,a1_6-ysVmh4bzk5,0,0,0,0,Inf,0
FALSE,a3pD1D9xeh_6l,0,0,0,0,Inf,0
FALSE,a4,0,0,0,0,Inf,0
FALSE,a4tAm,0,0,0,0,Inf,0
FALSE,a5zOjO,0,0,0,0,Inf,0
FALSE,a8FK+TJIdg8uFkC,0,0,0,0,Inf,0
FALSE,a8PTi-NWe68sT,0,0,0,0,Inf,0
FALSE,aD,0,0,0,0,Inf,0
FALSE,aGnhC7DOK1,0,0,0,0,Inf,0
FALSE,aIDhdWAv,0,0,0,0,Inf,0
FALSE,aPwprd-neo,0,0,0,0,Inf,0
FALSE,aV,0,0,0,0,Inf,0
FALSE,aW3NjS,0,0,0,0,Inf,0
FALSE,aZhj_ll,0,0,0,0,Inf,0
FALSE,a_5v9R,0,0,0,0,Inf,0
FALSE,ac1d.dRWaVwcL0,0,0,0,0,Inf,0
FALSE,aey47mb-,0,0,0,0,Inf,0
FALSE,aliQCN_+qd+t,0,0,0,0,Inf,0
FALSE,aohUff,0,0,0,0,Inf,0
FALSE,arJu,0,0,0,0,Inf,0
FALSE,azF,0,0,0,0,Inf,0
FALSE,b,0,0,0,0,Inf,0
FALSE,b+,0,0,0,0,Inf,0
FALSE,b+Wx,0,0,0,0,Inf,0
FALSE,b2Wf1FZCBe71,0,0,0,0,Inf,0
FALSE,b3oC+Clp+Gn1,0,0,0,0,Inf,0
FALSE,b4,0,0,0,0,Inf,0
FALSE,b5ZnK7,0,0,0,0,Inf,0
FALSE,b8Vf,0,0,0,0,Inf,0
FALSE,bAHmqw_D,0,0,0,0,Inf,0
FALSE,bAU8vNSw4-yDRO5,0,0,0,0,Inf,0
FALSE,bArO,0,0,0,0,Inf,0
FALSE,bEySZnfdt,0,0,0,0,Inf,0
FALSE,bJMbzAfSE,0,0,0,0,Inf,0
FALSE,bK25DE9AmQfzHB,0,0,0,0,Inf,0
FALSE,bMgbt-ry3Ceh,0,0,0,0,Inf,0
FALSE,bORu3,0,0,0,0,Inf,0
FALSE,bP3nQtm40BxeU,0,0,0,0,Inf,0
FALSE,bihizq.H,0,0,0,0,Inf,0
FALSE,bj,0,0,0,0,Inf,0
FALSE,bj5dHl4m,0,0,0,0,Inf,0
FALSE,bkIQX,0,0,0,0,Inf,0
FALSE,bmSN6afJyK,0,0,0,0,Inf,0
FALSE,bo,0,0,0,0,Inf,0
FALSE,bp_wL7,0,0,0,0,Inf,0
FALSE,bqrGAn,0,0,0,0,Inf,0
FALSE,bsIcd0tMy,0,0,0,0,Inf,0
FALSE,bu71GqaQIxIhAU,0,0,0,0,Inf,0
FALSE,bvy,0,0,0,0,Inf,0
FALSE,bwwxL,0,0,0,0,Inf,0
FALSE,bzB+xIZ45uN38v,0,0,0,0,Inf,0
FALSE,c,0,0,0,0,Inf,0
FALSE,c.y6OmDjeqmp,0,0,0,0,Inf,0
FALSE,c4mCH5gTNuKPEtF,0,0,0,0,Inf,0
FALSE,cHn2.6,0,0,0,0,Inf,0
FALSE,cI,0,0,0,0,Inf,0
FALSE,cIb,0,0,0,0,Inf,0
FALSE,cLJGMBE,0,0,0,0,Inf,0
FALSE,cLf,0,0,0,0,Inf,0
FALSE,cQYu8qQA-sgy,0,0,0,0,Inf,0
FALSE,cad8_pH,0,0,0,0,Inf,0
FALSE,ccUI-DeIl,0,0,0,0,Inf,0
FALSE,cckDVo9AAV+va2D,0,0,0,0,Inf,0
FALSE,ceZE0PA4o,0,0,0,0,Inf,0
FALSE,cjZes,0,0,0,0,Inf,0
FALSE,cu7a,0,0,0,0,Inf,0
FALSE,cul,0,0,0,0,Inf,0
FALSE,cwYQg,0,0,0,0,Inf,0
FALSE,czS3aH04iyHMUVY,0,0,0,0,Inf,0
FALSE,d,0,0,0,0,2022-10-22,1
FALSE,d-F0Y-Zz9Q,0,0,0,0,Inf,0
FALSE,d.oH6OGYdTvFlSp,0,0,0,0,Inf,0
FALSE,d5k,0,0,0,0,Inf,0
FALSE,d5s0bFWwUcZRr,0,0,0,0,Inf,0
FALSE,d7+kovV,0,0,0,0,Inf,0
FALSE,d7UCokYx,0,0,0,0,Inf,0
FALSE,dC,0,0,0,0,Inf,0
FALSE,dE8HrJ,0,0,0,0,Inf,0
FALSE,dEat,0,0,0,0,Inf,0
FALSE,dKGoKTcJqWrCZ.N,0,0,0,0,Inf,0
FALSE,dMrsdIJfscFGcW-,0,0,0,0,Inf,0
FALSE,dPUdR-n8xFwY,0,0,0,0,Inf,0
FALSE,dREZ.u33vNrk5v,0,0,0,0,Inf,0
FALSE,dY4n6XQ3xzpfOI,0,0,0,0,Inf,0
FALSE,dZQ,0,0,0,0,Inf,0
FALSE,d_lp,0,0,0,0,Inf,0
FALSE,dgFwAcL-tUf-,0,0,0,0,Inf,0
FALSE,dgPsBR-r0+n,0,0,0,0,Inf,0
FALSE,dhHW,0,0,0,0,Inf,0
FALSE,diJTBqgF6C9l4+u,0,0,0,0,Inf,0
FALSE,djxAzemZ,0,0,0,0,Inf,0
FALSE,dnBj4oz3xhgPn+2,0,0,0,0,Inf,0
FALSE,doI,0,0,0,0,Inf,0
FALSE,dpzJvN9JaHfg,0,0,0,0,Inf,0
FALSE,dqvYmuryZsDDOv4,0,0,0,0,Inf,0
FALSE,duzoUNoi+2,0,0,0,0,Inf,0
FALSE,dwZ51,0,0,0,0,Inf,0
FALSE,e,0,0,0,0,Inf,0
FALSE,e-rk-iOyl,0,0,0,0,Inf,0
FALSE,e3nR.vOY.+F,0,0,0,0,Inf,0
FALSE,e4k9-wH,0,0,0,0,Inf,0
FALSE,e5MlKR+dMSO-2B,0,0,0,0,Inf,0
FALSE,e7V,0,0,0,0,Inf,0
FALSE,eE+S3i1Fmq+9w,0,0,0,0,Inf,0
FALSE,eIz,0,0,0,0,Inf,0
FALSE,eJ37qTj,0,0,0,0,Inf,0
FALSE,eKOWj,0,0,0,0,Inf,0
FALSE,eQzOuFyf_rCG,0,0,0,0,Inf,0
FALSE,eTRG1ws3Y+xH0l7,0,0,0,0,Inf,0
FALSE,eVfvEf,0,0,0,0,Inf,0
FALSE,eWj.n6J00_Bu,0,0,0,0,Inf,0
FALSE,ebLazykMyA3y,0,0,0,0,Inf,0
FALSE,ed2_mx+u8yCur,0,0,0,0,Inf,0
FALSE,emflO,0,0,0,0,Inf,0
FALSE,eny36INts.4o,0,0,0,0,Inf,0
FALSE,eo2,0,0,0,0,Inf,0
FALSE,eoT+MrdHD,0,0,0,0,Inf,0
FALSE,eqSSDoiDyY,0,0,0,0,Inf,0
FALSE,esAq6Z8Q,0,0,0,0,Inf,0
FALSE,eu7nI3x3TwF,0,0,0,0,Inf,0
FALSE,ev,0,0,0,0,Inf,0
FALSE,evfC4GAPFNb,0,0,0,0,Inf,0
FALSE,ezf3hDwzXH4Iw,0,0,0,0,Inf,0
FALSE,f,0,0,0,0,Inf,0
FALSE,f-H,0,0,0,0,Inf,0
FALSE,f6A,0,0,0,0,Inf,0
FALSE,f7OiG.p,0,0,0,0,Inf,0
FALSE,fKxpnt.PP403,0,0,0,0,Inf,0
FALSE,fLUuw0tV8G,0,0,0,0,Inf,0
FALSE,fQQ2g5Xr0zGZFq,0,0,0,0,Inf,0
FALSE,fSgdEYpfmB3nch,0,0,0,0,Inf,0
FALSE,fWZrqBvRYpe+J,0,0,0,0,Inf,0
FALSE,faVotmZ.+,0,0,0,0,Inf,0
FALSE,faX6xMc1UxP.DM,0,0,0,0,Inf,0
FALSE,fgtA3Klr3,0,0,0,0,Inf,0
FALSE,fh-5kLF75Cw5r1,0,0,0,0,Inf,0
FALSE,fskBIg,0,0,0,0,Inf,0
FALSE,fuj5-Ik5,0,0,0,0,Inf,0
FALSE,fviEUQ9sWk7Hdv3,0,0,0,0,Inf,0
FALSE,fyo5IgH6K7rOj,0,0,0,0,Inf,0
FALSE,fzlH7isH2s2UZ+,0,0,0,0,Inf,0
FALSE,g,0,0,0,0,Inf,0
FALSE,g0dk_LGQMydH,0,0,0,0,Inf,0
FALSE,g1aCkGiVBvS7,0,0,0,0,Inf,0
FALSE,g2Q4gGc,0,0,0,0,Inf,0
FALSE,g4,0,0,0,0,Inf,0
FALSE,g4Xm3rU,0,0,0,0,Inf,0
FALSE,g73jhNHU8dO,0,0,0,0,Inf,0
FALSE,gG,0,0,0,0,Inf,0
FALSE,gQWj-J,0,0,0,0,Inf,0
FALSE,gQYmkMbTjCb7v,0,0,0,0,Inf,0
FALSE,gUhFSa,0,0,0,0,Inf,0
FALSE,gVKA,0,0,0,0,Inf,0
FALSE,geQ+olKy9OBHtdl,0,0,0,0,Inf,0
FALSE,gftQB,0,0,0,0,Inf,0
FALSE,ggX8,0,0,0,0,Inf,0
FALSE,gkY5xeUJ,0,0,0,0,Inf,0
FALSE,gm,0,0,0,0,Inf,0
FALSE,gpl+VAHoxf9,0,0,0,0,Inf,0
FALSE,gxQy,0,0,0,0,Inf,0
FALSE,gy,0,0,0,0,Inf,0
FALSE,h,0,0,0,0,Inf,0
FALSE,h7bNPF0dRKDq3WZ,0,0,0,0,Inf,0
FALSE,h9NC1RO,0,0,0,0,Inf,0
FALSE,hBZr,0,0,0,0,Inf,0
FALSE,hCVc,0,0,0,0,Inf,0
FALSE,hE,0,0,0,0,2021-01-10,1
FALSE,hO4,0,0,0,0,Inf,0
FALSE,hP5y2DK6ezhY-Dm,0,0,0,0,Inf,0
FALSE,hSeFCkP,0,0,0,0,Inf,0
FALSE,hSoOg8_rD0oQ3,0,0,0,0,Inf,0
FALSE,hU8hLyEDZR2O,0,0,0,0,Inf,0
FALSE,hXMT_6_LGHt,0,0,0,0,2025-11-04,1
FALSE,hatVM,0,0,0,0,Inf,0
FALSE,he.a1.h,0,0,0,0,Inf,0
FALSE,heio+uF_mIIMs,0,0,0,0,Inf,0
FALSE,hj73deU,0,0,0,0,Inf,0
FALSE,hrSznA,0,0,0,0,Inf,0
FALSE,htc.,0,0,0,0,Inf,0
FALSE,i,0,0,0,0,Inf,0
FALSE,i0ODkQ4b,0,0,0,0,Inf,0
FALSE,i8,0,0,0,0,Inf,0
FALSE,iAP,0,0,0,0,Inf,0
FALSE,iCnz_RWULfEt,0,0,0,0,Inf,0
FALSE,iFYHAe-9jq,0,0,0,0,Inf,0
FALSE,iMr,0,0,0,0,Inf,0
FALSE,iTM,0,0,0,0,Inf,0
FALSE,iVjra_Rg,0,0,0,0,Inf,0
FALSE,iYlNLgbisLvmIv1,0,0,0,0,Inf,0
FALSE,icCYfPbT01oOo,0,0,0,0,Inf,0
FALSE,idRAO0iJ9Z9b1Se,0,0,0,0,Inf,0
FALSE,ipdkGksX4irkgD,0,0,0,0,Inf,0
FALSE,iwd6m.V+Q78,0,0,0,0,Inf,0
FALSE,j,0,0,0,0,Inf,0
FALSE,j-,0,0,0,0,Inf,0
FALSE,j8UUg9,0,0,0,0,Inf,0
FALSE,jAwKAQg.iWY,0,0,0,0,Inf,0
FALSE,jD,0,0,0,0,Inf,0
FALSE,jFeebK+FDSzE,0,0,0,0,Inf,0
FALSE,jK0scOIckkdD,0,0,0,0,Inf,0
FALSE,jOy,0,0,0,0,Inf,0
FALSE,jPLbr,0,0,0,0,Inf,0
FALSE,jRz1r_rshe0D7,0,0,0,0,Inf,0
FALSE,j_KpY+xD,0,0,0,0,Inf,0
FALSE,jcRf6p_TG6HT,0,0,0,0,Inf,0
FALSE,je5.D5C-jwP,0,0,0,0,Inf,0
FALSE,jhsMpeQk_rxW,0,0,0,0,Inf,0
FALSE,ji,0,0,0,0,Inf,0
FALSE,juZoHGV_Jh,0,0,0,0,Inf,0
FALSE,jvqLwu_,0,0,0,0,Inf,0
FALSE,k,0,0,0,0,Inf,0
FALSE,k0Ggk4Zb4K04BY,0,0,0,0,Inf,0
FALSE,k6P4hb,0,0,0,0,Inf,0
FALSE,k6ts1oXAye,0,0,0,0,Inf,0
FALSE,k7JBoZ,0,0,0,0,Inf,0
FALSE,kGKN,0,0,0,0,Inf,0
FALSE,kHCV1DKk8ry,0,0,0,0,Inf,0
FALSE,kJb7Tw2todzMO,0,0,0,0,Inf,0
FALSE,kMqbEMYBq222,0,0,0,0,Inf,0
FALSE,kPDt8,0,0,0,0,Inf,0
FALSE,kVd2e,0,0,0,0,Inf,0
FALSE,kVe0QGFNf6BGpXe,0,0,0,0,Inf,0
FALSE,kVlfd.T_FDHAy-q,0,0,0,0,Inf,0
FALSE,k_dhU,0,0,0,0,Inf,0
FALSE,kfzENGoxW_to.H,0,0,0,0,Inf,0
FALSE,kgBf+IE,0,0,0,0,Inf,0
FALSE,koKnZ,0,0,0,0,Inf,0
FALSE,kr+QftX3laae,0,0,0,0,Inf,0
FALSE,ksJeS,0,0,0,0,Inf,0
FALSE,kzV0ht2JjyXQF,0,0,0,0,Inf,0
FALSE,l,0,0,0,0,Inf,0
FALSE,l2gIuNHyuPy,0,0,0,0,Inf,0
FALSE,lAH-S0OnO,0,0,0,0,Inf,0
FALSE,lLv_t,0,0,0,0,Inf,0
FALSE,lNSC6S8s4A,0,0,0,0,Inf,0
FALSE,lQN6L,0,0,0,0,Inf,0
FALSE,lT3Br_OpHv_609,0,0,0,0,Inf,0
FALSE,lVyj0Rp5q6DGV,0,0,0,0,Inf,0
FALSE,lcK,0,0,0,0,Inf,0
FALSE,lenud-BfEz,0,0,0,0,Inf,0
FALSE,lm77L+amIwFIh,0,0,0,0,Inf,0
FALSE,lu2nUL3D6Vd,0,0,0,0,Inf,0
FALSE,lwYYoVB4_bX_VMQ,0,0,0,0,Inf,0
FALSE,lyj6yE,0,0,0,0,Inf,0
FALSE,m,0,0,0,0,Inf,0
FALSE,m2vkqsK0k,0,0,0,0,Inf,0
FALSE,m8FxW,0,0,0,0,Inf,0
FALSE,m9XcvpekmBu,0,0,0,0,Inf,0
FALSE,mJKBVSzR,0,0,0,0,Inf,0
FALSE,mJdfzAZkAbK_,0,0,0,0,Inf,0
FALSE,mQHSWlQ+,0,0,0,0,Inf,0
FALSE,mQue0,0,0,0,0,Inf,0
FALSE,mYUAmIhX,0,0,0,0,Inf,0
FALSE,mimzy6,0,0,0,0,Inf,0
FALSE,mn,0,0,0,0,Inf,0
FALSE,mohy_cpkLL4Pbn3,0,0,0,0,Inf,0
FALSE,mw,0,0,0,0,Inf,0
FALSE,mxbL+qny+UEC.B,0,0,0,0,Inf,0
FALSE,mzJvecgLW,0,0,0,0,Inf,0
FALSE,n,0,0,0,0,Inf,0
FALSE,n-sIvKue,0,0,0,0,Inf,0
FALSE,n0FTsfan6-ik,0,0,0,0,Inf,0
FALSE,nBX9zZyO,0,0,0,0,Inf,0
FALSE,nG6m,0,0,0,0,Inf,0
FALSE,nH1uAgPLey,0,0,0,0,Inf,0
FALSE,nKiQu,0,0,0,0,Inf,0
FALSE,nNN,0,0,0,0,Inf,0
FALSE,nU,0,0,0,0,Inf,0
FALSE,nX,0,0,0,0,Inf,0
FALSE,ncTCJwVQvJ+X3,0,0,0,0,Inf,0
FALSE,ndGt1m_nkp,0,0,0,0,Inf,0
FALSE,njh_lPz-N,0,0,0,0,Inf,0
FALSE,no,0,0,0,0,Inf,0
FALSE,nr5PXzmSnJd,0,0,0,0,Inf,0
FALSE,nxtae8BA24aO.w,0,0,0,0,Inf,0
FALSE,nzD9_GSiS,0,0,0,0,Inf,0
FALSE,o1GXiXzXc,0,0,0,0,Inf,0
FALSE,o1gIb,0,0,0,0,Inf,0
FALSE,o8OXsdlz3Pp7,0,0,0,0,Inf,0
FALSE,oFlGu.-Xb,0,0,0,0,Inf,0
FALSE,oHeUlsSJSOQplYe,0,0,0,0,Inf,0
FALSE,oJ,0,0,0,0,Inf,0
FALSE,oMUhqmUTNB-L1Z3,0,0,0,0,Inf,0
FALSE,oPkeVDkJUkij+4,0,0,0,0,Inf,0
FALSE,oPphX,0,0,0,0,Inf,0
FALSE,oSBYNVg4wpDrxt5,0,0,0,0,Inf,0
FALSE,oTuCiS1DoeIBhB,0,0,0,0,Inf,0
FALSE,oWuJd-pbC,0,0,0,0,Inf,0
FALSE,o_wDb9eDNvR,0,0,0,0,Inf,0
FALSE,obMYH,0,0,0,0,Inf,0
FALSE,obhsrpgnKXYML,0,0,0,0,2024-06-19,1
FALSE,ofyodPgM6ccRkPR,0,0,0,0,Inf,0
FALSE,oiqmWc7r1,0,0,0,0,Inf,0
FALSE,ojs5UjQqrr5,0,0,0,0,Inf,0
FALSE,omVc1GoZaCg,0,0,0,0,Inf,0
FALSE,onK,0,0,0,0,Inf,0
FALSE,orVToEZTXlEk8bq,0,0,0,0,Inf,0
FALSE,osi9F,0,0,0,0,Inf,0
FALSE,ox3K_Faq-JOY0,0,0,0,0,Inf,0
FALSE,oy78C.hoY,0,0,0,0,Inf,0
FALSE,oykUTW,0,0,0,0,Inf,0
FALSE,p,0,0,0,0,Inf,0
FALSE,p2oYuZyikkA,0,0,0,0,Inf,0
FALSE,pA,0,0,0,0,Inf,0
FALSE,pI-cWyt,0,0,0,0,Inf,0
FALSE,pNOti8Bo,0,0,0,0,Inf,0
FALSE,pNm65,0,0,0,0,Inf,0
FALSE,pSa_tr3_V_n4aX,0,0,0,0,Inf,0
FALSE,pViQTb,0,0,0,0,Inf,0
FALSE,pbgzZaFs,0,0,0,0,Inf,0
FALSE,pdH,0,0,0,0,Inf,0
FALSE,pe0NmFvdUjSW_LE,0,0,0,0,2023-03-27,1
FALSE,pkvm,0,0,0,0,Inf,0
FALSE,ppiQ+RU7EcaO,0,0,0,0,Inf,0
FALSE,q-65,0,0,0,0,Inf,0
FALSE,q5vtUv8bzw,0,0,0,0,Inf,0
FALSE,q74ukp,0,0,0,0,Inf,0
FALSE,qDAW0-,0,0,0,0,Inf,0
FALSE,qDVSAs4FweE,0,0,0,0,Inf,0
FALSE,qL8F,0,0,0,0,Inf,0
FALSE,qOeyOEu63-0yLvC,0,0,0,0,Inf,0
FALSE,qQjCw46+h4a3,0,0,0,0,Inf,0
FALSE,qW,0,0,0,0,Inf,0
FALSE,q_+Z+kWvmij,0,0,0,0,Inf,0
FALSE,qi-qcC9xXlO,0,0,0,0,Inf,0
FALSE,qjUtgN7,0,0,0,0,Inf,0
FALSE,qrNyKI,0,0,0,0,Inf,0
FALSE,qtn,0,0,0,0,Inf,0
FALSE,qwNBqVuqB,0,0,0,0,Inf,0
FALSE,qzpPwX4,0,0,0,0,Inf,0
FALSE,r,0,0,0,0,Inf,0
FALSE,r+Mq+Y,0,0,0,0,Inf,0
FALSE,r+_DO,0,0,0,0,Inf,0
FALSE,r+b0s,0,0,0,0,Inf,0
FALSE,r0a,0,0,0,0,Inf,0
FALSE,r4QbeeLw,0,0,0,0,Inf,0
FALSE,r54,0,0,0,0,Inf,0
FALSE,r89vE.,0,0,0,0,Inf,0
FALSE,r8_pa,0,0,0,0,Inf,0
FALSE,rAq4QdZH0,0,0,0,0,Inf,0
FALSE,rK,0,0,0,0,Inf,0
FALSE,rRo,0,0,0,0,Inf,0
FALSE,rT1kcu6,0,0,0,0,Inf,0
FALSE,rW8AM5Ju2,0,0,0,0,Inf,0
FALSE,rXkt,0,0,0,0,Inf,0
FALSE,rYPjvaQpNkKQ61_,0,0,0,0,2022-09-30,1
FALSE,rbhv5ih8zY,0,0,0,0,Inf,0
FALSE,rcuKyR7,0,0,0,0,Inf,0
FALSE,rdXzD_g5v2tqEa,0,0,0,0,Inf,0
FALSE,rnyOjf1UGt,0,0,0,0,Inf,0
FALSE,ru,0,0,0,0,Inf,0
FALSE,ru4Hn,0,0,0,0,Inf,0
FALSE,s,0,0,0,0,Inf,0
FALSE,s+m6O3o-jn64R,0,0,0,0,Inf,0
FALSE,s2CKRgY,0,0,0,0,Inf,0
FALSE,s5Z,0,0,0,0,Inf,0
FALSE,s5nHTRb,0,0,0,0,Inf,0
FALSE,s7R3fksSClGUtM,0,0,0,0,Inf,0
FALSE,s8zN-C7j2,0,0,0,0,Inf,0
FALSE,s9,0,0,0,0,Inf,0
FALSE,sV.iajxsbQ_,0,0,0,0,Inf,0
FALSE,sVeiBO-cMw,0,0,0,0,Inf,0
FALSE,sXZh9G1J6wugyi,0,0,0,0,Inf,0
FALSE,s_pauvOi7y,0,0,0,0,Inf,0
FALSE,samO6V_S0JVA,0,0,0,0,Inf,0
FALSE,scvDeyxWKB,0,0,0,0,Inf,0
FALSE,srsHo5KVSm,0,0,0,0,Inf,0
FALSE,st3,0,0,0,0,Inf,0
FALSE,szcK+11dxisI-,0,0,0,0,Inf,0
FALSE,t,0,0,0,0,Inf,0
FALSE,t533IVP5,0,0,0,0,Inf,0
FALSE,t5xCy,0,0,0,0,Inf,0
FALSE,tF216+LA,0,0,0,0,Inf,0
FALSE,tMHniFJq6-K1B,0,0,0,0,Inf,0
FALSE,tMQX6,0,0,0,0,Inf,0
FALSE,tOLCJc,0,0,0,0,Inf,0
FALSE,tSvd506L5QG,0,0,0,0,Inf,0
FALSE,tWeTqRNX+4,0,0,0,0,Inf,0
FALSE,teYvtgCzw,0,0,0,0,Inf,0
FALSE,tywaquVN0utfA,0,0,0,0,Inf,0
FALSE,u,0,0,0,0,Inf,0
FALSE,u7y,0,0,0,0,Inf,0
FALSE,uB1SUdRIyu1E,0,0,0,0,Inf,0
FALSE,uBh6tfvn6_HSV,0,0,0,0,Inf,0
FALSE,uFFSRfz26,0,0,0,0,Inf,0
FALSE,uHP3lhxNZeTWjgn,0,0,0,0,Inf,0
FALSE,uIIFeIAsXN-rsre,0,0,0,0,Inf,0
FALSE,uTe2,0,0,0,0,Inf,0
FALSE,uUGaub1YOeS+,0,0,0,0,Inf,0
FALSE,uY4+QW9R,0,0,0,0,Inf,0
FALSE,ugkbf,0,0,0,0,Inf,0
FALSE,uhXbIVSSIxT5PBA,0,0,0,0,Inf,0
FALSE,ul3,0,0,0,0,Inf,0
FALSE,upq93OV8C8G5r,0,0,0,0,Inf,0
FALSE,uq.A.adC,0,0,0,0,Inf,0
FALSE,ut0Mcsa8,0,0,0,0,Inf,0
FALSE,utqPVXYKMI,0,0,0,0,Inf,0
FALSE,uu,0,0,0,0,Inf,0
FALSE,uvkCslYS,0,0,0,0,Inf,0
FALSE,uwKI-riJMulkuqk,0,0,0,0,Inf,0
FALSE,v,0,0,0,0,Inf,0
FALSE,v..RrCx,0,0,0,0,Inf,0
FALSE,v07EVt,0,0,0,0,Inf,0
FALSE,v13ROJ2ejwr,0,0,0,0,Inf,0
FALSE,v2,0,0,0,0,Inf,0
FALSE,v2nUyS,0,0,0,0,Inf,0
FALSE,v9BJuqO,0,0,0,0,Inf,0
FALSE,vBx780al,0,0,0,0,Inf,0
FALSE,vC38,0,0,0,0,Inf,0
FALSE,vGi6iX,0,0,0,0,Inf,0
FALSE,vPdL2-q,0,0,0,0,Inf,0
FALSE,vPhG,0,0,0,0,Inf,0
FALSE,vPz0sXCcZGpCZkS,0,0,0,0,Inf,0
FALSE,vQ5c0NfNA7vaB,0,0,0,0,Inf,0
FALSE,vSpHD7d_,0,0,0,0,Inf,0
FALSE,vXenY_zOE,0,0,0,0,Inf,0
FALSE,vXq5,0,0,0,0,Inf,0
FALSE,v_bm3Iylqq2KKaI,0,0,0,0,Inf,0
FALSE,veq,0,0,0,0,Inf,0
FALSE,vf3TvTR+E,0,0,0,0,Inf,0
FALSE,vfzbO7rO_3,0,0,0,0,Inf,0
FALSE,vn,0,0,0,0,Inf,0
FALSE,voWi,0,0,0,0,Inf,0
FALSE,vokuzQQnapW,0,0,0,0,Inf,0
FALSE,vv,0,0,0,0,Inf,0
FALSE,vwG,0,0,0,0,Inf,0
FALSE,vz1uk4LgXlQL,0,0,0,0,Inf,0
FALSE,w,10,10,0,0,Inf,0
FALSE,w8OnH,0,0,0,0,Inf,0
FALSE,wATq,0,0,0,0,Inf,0
FALSE,wHMoN,0,0,0,0,Inf,0
FALSE,wIuSl5,0,0,0,0,Inf,0
FALSE,wLdy,0,0,0,0,Inf,0
FALSE,wMBYVjHy,0,0,0,0,Inf,0
FALSE,wQ+8u.cxg,0,0,0,0,Inf,0
FALSE,wYp4eXh4B_,0,0,0,0,Inf,0
FALSE,wZzOJMT4Y-B9,0,0,0,0,Inf,0
FALSE,w_8A,0,0,0,0,Inf,0
FALSE,w_FV,0,0,0,0,Inf,0
FALSE,w_kxp,0,0,0,0,Inf,0
FALSE,wcUk9JnQWVX,0,0,0,0,Inf,0
FALSE,wepA,0,0,0,0,Inf,0
FALSE,wrkJ_U,0,0,0,0,2023-03-03,1
FALSE,ws791ceor,0,0,0,0,Inf,0
FALSE,wt9+3RfFWO0n,0,0,0,0,Inf,0
FALSE,wzucZ+2IPX6Twx,0,0,0,0,Inf,0
FALSE,x+.p,0,0,0,0,Inf,0
FALSE,x+7xehRV2wx,0,0,0,0,Inf,0
FALSE,x04M,0,0,0,0,Inf,0
FALSE,x4srDwCs,0,0,0,0,Inf,0
FALSE,xA,0,0,0,0,Inf,0
FALSE,xAFlx6qB-_jWwV,0,0,0,0,Inf,0
FALSE,xBwHiVPoZgIcHp,0,0,0,0,Inf,0
FALSE,xE6IhRJmbU,0,0,0,0,Inf,0
FALSE,xFPv8O,0,0,0,0,Inf,0
FALSE,xGcPjf,0,0,0,0,Inf,0
FALSE,xJGgcKb.WN7tws,0,0,0,0,Inf,0
FALSE,xMBtvd,0,0,0,0,Inf,0
FALSE,xPA,0,0,0,0,Inf,0
FALSE,xQwg,0,0,0,0,Inf,0
FALSE,xRG3,0,0,0,0,Inf,0
FALSE,xRy9UVzYRgu,0,0,0,0,Inf,0
FALSE,xZBO+qgYslo2MuG,0,0,0,0,Inf,0
FALSE,xa,0,0,0,0,Inf,0
FALSE,xb,0,0,0,0,Inf,0
FALSE,xbK1fU.Fe-d81J,0,0,0,0,Inf,0
FALSE,xbdYwe2bWvP,0,0,0,0,Inf,0
FALSE,xblg0hDX+VqEMe,0,0,0,0,Inf,0
FALSE,xgNCJ6R,0,0,0,0,Inf,0
FALSE,xiO,0,0,0,0,Inf,0
FALSE,xoO,0,0,0,0,Inf,0
FALSE,xp8WMFE9YtbhG,0,0,0,0,Inf,0
FALSE,xwPDwR,0,0,0,0,Inf,0
FALSE,xwZ,0,0,0,0,Inf,0
FALSE,xx0Xm,0,0,0,0,Inf,0
FALSE,y,0,0,0,0,Inf,0
FALSE,y3_uS5HGw,0,0,0,0,Inf,0
FALSE,y8,0,0,0,0,Inf,0
FALSE,yAb42nqU,0,0,0,0,Inf,0
FALSE,yEaIrp0mbI74vh,0,0,0,0,Inf,0
FALSE,yHTgqw-r7s,0,0,0,0,Inf,0
FALSE,yL0MQPiGn4d,0,0,0,0,Inf,0
FALSE,yPJ-kyd2f3.60Hy,0,0,0,0,Inf,0
FALSE,yR,0,0,0,0,Inf,0
FALSE,ySU39G62,0,0,0,0,Inf,0
FALSE,yTmcAiEYL-,0,0,0,0,Inf,0
FALSE,yUwS.CFOt,0,0,0,0,Inf,0
FALSE,yUylJ9uPet8tzZS,0,0,0,0,Inf,0
FALSE,yWNR,0,0,0,0,Inf,0
FALSE,y_ET-8kJDZ,0,0,0,0,Inf,0
FALSE,ybG2B0BgCI,0,0,0,0,Inf,0
FALSE,ybTpnXg,0,0,0,0,Inf,0
FALSE,ykC6OR,0,0,0,0,Inf,0
FALSE,ypH,0,0,0,0,Inf,0
FALSE,yrDLJJiEM,0,0,0,0,Inf,0
FALSE,yra,0,0,0,0,Inf,0
FALSE,yzjEFuNkm,0,0,0,0,Inf,0
FALSE,yznTI.xLO,0,0,0,0,Inf,0
FALSE,z,0,0,0,0,Inf,0
FALSE,z4F_Tyb,0,0,0,0,Inf,0
FALSE,z5v.Tz8n,0,0,0,0,Inf,0
FALSE,z8q.gp,0,0,0,0,Inf,0
FALSE,zC5I4hw,0,0,0,0,Inf,0
FALSE,zDLPBRseXic.ada,0,0,0,0,Inf,0
FALSE,zG6,0,0,0,0,Inf,0
FALSE,zI,0,0,0,0,Inf,0
FALSE,zKw_aMw9cN,0,0,0,0,Inf,0
FALSE,zM+Uw,0,0,0,0,Inf,0
FALSE,zO_D5F5,0,0,0,0,Inf,0
FALSE,zTTRosGI,0,0,0,0,Inf,0
FALSE,zV,0,0,0,0,Inf,0
FALSE,zWrz9b,0,0,0,0,Inf,0
FALSE,zco2BsJgWZJzn,0,0,0,0,Inf,0
FALSE,zcs.7pDo.,0,0,0,0,Inf,0
FALSE,zgR9B1QnwC2jm,0,0,0,0,Inf,0
FALSE,zhT6p-tH8C,0,0,0,0,Inf,0
FALSE,zqieUgh,0,0,0,0,Inf,0
FALSE,zs..SM3ja.+lfKB,0,0,0,0,Inf,0
FALSE,zsNJuEPXPs2i4Z,0,0,0,0,Inf,0
FALSE,zyPyW0Djc,0,0,0,0,Inf,0
TRUE,NA,0,0,0,0,Inf,0
TRUE,,90,80,10,0,2021-03-05,1
TRUE,++1JJ2,0,0,0,0,Inf,0
TRUE,++VUMp.8aYYTHT,0,0,0,0,Inf,0
TRUE,+2MR0Mz7+W,0,0,0,0,Inf,0
TRUE,+6ep5F_C+KjFWO,0,0,0,0,Inf,0
TRUE,+B_CTx4Inl.i_3l,0,0,0,0,Inf,0
TRUE,+JFj5qB,0,0,0,0,Inf,0
TRUE,+NR,0,0,0,0,Inf,0
TRUE,+Wl,0,0,0,0,Inf,0
TRUE,+ZJ3Z7o,0,0,0,0,Inf,0
TRUE,+d6Yup,0,0,0,0,Inf,0
TRUE,+fZ.V1Mvi,0,0,0,0,Inf,0
TRUE,+m7LcVpWq,0,0,0,0,Inf,0
TRUE,+mZAO9ecQ3VW_nz,0,0,0,0,Inf,0
TRUE,+nn6,0,0,0,0,Inf,0
TRUE,+s,0,0,0,0,Inf,0
TRUE,-,0,0,0,0,Inf,0
TRUE,--uUrx+3MU.JhV,0,0,0,0,Inf,0
TRUE,-0L.0JT,0,0,0,0,Inf,0
TRUE,-5V,0,0,0,0,2021-06-14,1
TRUE,-8_lrL,0,0,0,0,Inf,0
TRUE,-AKmsK,0,0,0,0,Inf,0
TRUE,-AmfgSXJlJujQ,0,0,0,0,2021-10-21,1
TRUE,-HYP+0s5J+,0,0,0,0,Inf,0
TRUE,-J5L7HHDrB,0,0,0,0,Inf,0
TRUE,-MIPW,0,0,0,0,Inf,0
TRUE,-MzdumdI,0,0,0,0,Inf,0
TRUE,-OvDSz19uVwq8V,0,0,0,0,Inf,0
TRUE,-Pbl8.Tmp6t9n,0,0,0,0,Inf,0
TRUE,-fTq.kwovudrZ43,0,0,0,0,Inf,0
TRUE,-gTscN51w,0,0,0,0,2022-10-10,1
TRUE,-iQzgym9a8GH,0,0,0,0,Inf,0
TRUE,-iRMo7MD,0,0,0,0,Inf,0
TRUE,-kw5yir_9,0,0,0,0,2021-04-26,1
TRUE,-phg,0,0,0,0,Inf,0
TRUE,-tH6cgA5G23h9,0,0,0,0,Inf,0
TRUE,-tnpezvPnIlQ2x,0,0,0,0,Inf,0
TRUE,.,0,0,0,0,Inf,0
TRUE,.6,0,0,0,0,Inf,0
TRUE,.6dV,0,0,0,0,Inf,0
TRUE,.7oJtNyXKPzm,0,0,0,0,Inf,0
TRUE,.DdpvOs7LXl,0,0,0,0,Inf,0
TRUE,.H,0,0,0,0,Inf,0
TRUE,.MR,0,0,0,0,Inf,0
TRUE,.RhKiRceS,0,0,0,0,Inf,0
TRUE,.W9Xjmk0jDcxS16,0,0,0,0,Inf,0
TRUE,.ZqY9N,0,0,0,0,Inf,0
TRUE,.cace+NUcHz,0,0,0,0,Inf,0
TRUE,.jT.raC,0,0,0,0,Inf,0
TRUE,.rtIAY1kY1Uqb,0,0,0,0,Inf,0
TRUE,0,0,0,0,0,Inf,0
TRUE,0++,0,0,0,0,Inf,0
TRUE,0+w,0,0,0,0,Inf,0
TRUE,0.CscQ,0,0,0,0,Inf,0
TRUE,00W.,0,0,0,0,Inf,0
TRUE,02iWzvbyGH,0,0,0,0,Inf,0
TRUE,03MOQuIooE0HH,0,0,0,0,Inf,0
TRUE,05exd6W9d00,0,0,0,0,Inf,0
TRUE,08-gX2Cvm6Y5QF,0,0,0,0,Inf,0
TRUE,09Q7bw+OUI,0,0,0,0,Inf,0
TRUE,0BdoTzGhD,0,0,0,0,Inf,0
TRUE,0C7fSf,0,0,0,0,Inf,0
TRUE,0C8J,0,0,0,0,Inf,0
TRUE,0FOL,0,0,0,0,Inf,0
TRUE,0GOkQiGXM,0,0,0,0,Inf,0
TRUE,0HD3MEyATkLgom,0,0,0,0,Inf,0
TRUE,0KnbulZ-,0,0,0,0,Inf,0
TRUE,0RXqp1E0kUwAk5h,0,0,0,0,2023-10-21,1
TRUE,0VJrJnRcM+MVm,0,0,0,0,Inf,0
TRUE,0e,0,0,0,0,2025-10-19,1
TRUE,0jG5u.j7s76P1WU,0,0,0,0,2024-07-17,1
TRUE,0jqtiIIAK,0,0,0,0,Inf,0
TRUE,0qe1,0,0,0,0,Inf,0
TRUE,1.4ZG2gRfr,0,0,0,0,Inf,0
TRUE,1.njaZso,0,0,0,0,Inf,0
TRUE,1Ah3vfZHWXJJO,0,0,0,0,Inf,0
TRUE,1F3Nnlki-7.LFn,0,0,0,0,Inf,0
TRUE,1F5cFQM3xe1es,0,0,0,0,2025-12-24,1
TRUE,1II0GDSL2-,0,0,0,0,Inf,0
TRUE,1KVL+8oL,0,0,0,0,Inf,0
TRUE,1Lr7OMLT9,0,0,0,0,2025-08-06,1
TRUE,1Ms,0,0,0,0,Inf,0
TRUE,1PVr6Q98.aPMwh,0,0,0,0,2024-12-10,1
TRUE,1S,0,0,0,0,Inf,0
TRUE,1a,0,0,0,0,Inf,0
TRUE,1fCc0D,0,0,0,0,Inf,0
TRUE,1wNY17wyjUKuSYq,0,0,0,0,Inf,0
TRUE,2+,0,0,0,0,Inf,0
TRUE,2B7TWJAMSC0Y,0,0,0,0,Inf,0
TRUE,2BhtPer,0,0,0,0,Inf,0
TRUE,2HuO5pJSH9m3,0,0,0,0,Inf,0
TRUE,2Q,0,0,0,0,Inf,0
TRUE,2X3,0,0,0,0,Inf,0
TRUE,2bhrp2x4xfei40E,0,0,0,0,Inf,0
TRUE,2eLa.qTd,0,0,0,0,Inf,0
TRUE,2jGVTpW,0,0,0,0,Inf,0
TRUE,2mgHUfaKz52iuT.,0,0,0,0,Inf,0
TRUE,2qtI7N,0,0,0,0,Inf,0
TRUE,2sLoEb1j6B3h49b,0,0,0,0,Inf,0
TRUE,2wJ,0,0,0,0,Inf,0
TRUE,3,0,0,0,0,Inf,0
TRUE,3-Q00WCTD51y..2,0,0,0,0,Inf,0
TRUE,3.YxsC_6mZdg,0,0,0,0,Inf,0
TRUE,30zshcyAgXgz,0,0,0,0,Inf,0
TRUE,36BwE0,0,0,0,0,Inf,0
TRUE,3Bdi2UAQq8Jr,0,0,0,0,Inf,0
TRUE,3EJ9bll4qP2,0,0,0,0,Inf,0
TRUE,3GzG3PlXdis9yIt,0,0,0,0,Inf,0
TRUE,3IWG_,0,0,0,0,Inf,0
TRUE,3LGTNjoPWj,0,0,0,0,Inf,0
TRUE,3LQc.yTBiUFa,0,0,0,0,Inf,0
TRUE,3MAelFViW,0,0,0,0,Inf,0
TRUE,3MHAiuBh,0,0,0,0,Inf,0
TRUE,3Tvx2b,0,0,0,0,Inf,0
TRUE,3V79SrgfO22,0,0,0,0,Inf,0
TRUE,3Y,0,0,0,0,Inf,0
TRUE,3cnArTtcO,0,0,0,0,Inf,0
TRUE,3dxv,0,0,0,0,Inf,0
TRUE,3lqT-bd1mlSgxH5,0,0,0,0,Inf,0
TRUE,3nOemUkk.qcW,0,0,0,0,Inf,0
TRUE,3oe1i,0,0,0,0,Inf,0
TRUE,3pAP2,0,0,0,0,Inf,0
TRUE,3q,0,0,0,0,2025-03-14,1
TRUE,3qf,0,0,0,0,Inf,0
TRUE,3tqfbY,0,0,0,0,2021-04-10,1
TRUE,3xMgdt,0,0,0,0,Inf,0
TRUE,3yeDD,0,0,0,0,Inf,0
TRUE,4,0,0,0,0,Inf,0
TRUE,4-qz5LZ,0,0,0,0,2022-01-09,1
TRUE,40crCCHk5d0cIc,0,0,0,0,Inf,0
TRUE,41waXThSJt95LP,0,0,0,0,Inf,0
TRUE,42wT9+CL,0,0,0,0,Inf,0
TRUE,436kQkLDq3X,0,0,0,0,Inf,0
TRUE,4As_BjmHBlxh7Z,0,0,0,0,2023-01-20,1
TRUE,4C,0,0,0,0,Inf,0
TRUE,4GPrcr,0,0,0,0,Inf,0
TRUE,4Mh6d6z+_,0,0,0,0,Inf,0
TRUE,4PC-s,0,0,0,0,Inf,0
TRUE,4Un6mE,0,0,0,0,Inf,0
TRUE,4_6j+d-ddGDlYr+,0,0,0,0,Inf,0
TRUE,4_EVpoVrYZUn,0,0,0,0,Inf,0
TRUE,4f,0,0,0,0,Inf,0
TRUE,4j-jvQ,0,0,0,0,Inf,0
TRUE,4jbFxXuaI2mQ,0,0,0,0,Inf,0
TRUE,4k3l+jzA,0,0,0,0,Inf,0
TRUE,4kz,0,0,0,0,Inf,0
TRUE,4mOGwmcXpf-zk_L,0,0,0,0,Inf,0
TRUE,4md,0,0,0,0,Inf,0
TRUE,4onhXLygmi22,0,0,0,0,Inf,0
TRUE,4x,0,0,0,0,Inf,0
TRUE,50oKDXbY5+wd,0,0,0,0,Inf,0
TRUE,51u9zxt_wU,0,0,0,0,Inf,0
TRUE,52flV,0,0,0,0,Inf,0
TRUE,5KbuyDhesmSo,0,0,0,0,Inf,0
TRUE,5Kighg+cBfsH5b,0,0,0,0,Inf,0
TRUE,5OlgvvKst5uE,0,0,0,0,Inf,0
TRUE,5VA9j.VDNLEr,0,0,0,0,Inf,0
TRUE,5a4v7p,0,0,0,0,Inf,0
TRUE,5dUd69k,0,0,0,0,Inf,0
TRUE,5gHiGL6Nt7wjS,0,0,0,0,Inf,0
TRUE,5jLxZhm8c,0,0,0,0,Inf,0
TRUE,5kUcbI,0,0,0,0,Inf,0
TRUE,5oUsAb7K,0,0,0,0,Inf,0
TRUE,5t1qN-,0,0,0,0,Inf,0
TRUE,5uq+lbjvP7h+,0,0,0,0,Inf,0
TRUE,6-nwhp79Ghcrtp,0,0,0,0,Inf,0
TRUE,603URZmzy9zoVa,0,0,0,0,Inf,0
TRUE,66MFJ,0,0,0,0,2022-06-01,1
TRUE,6C+5voX5,0,0,0,0,Inf,0
TRUE,6HEi4EICXd4,0,0,0,0,2025-03-30,1
TRUE,6Xn,0,0,0,0,Inf,0
TRUE,6aE3sqn8mXy,0,0,0,0,Inf,0
TRUE,6b.Fb3LAFRZy6,0,0,0,0,Inf,0
TRUE,6cGLjUuX38z,0,0,0,0,Inf,0
TRUE,6eP2RT,0,0,0,0,Inf,0
TRUE,6fFfoKZPxoJ,0,0,0,0,Inf,0
TRUE,6iC,0,0,0,0,Inf,0
TRUE,6jaGY,0,0,0,0,Inf,0
TRUE,6lEzk,0,0,0,0,Inf,0
TRUE,6pb5XfKYt_MqUY.,0,0,0,0,Inf,0
TRUE,6tx64VPFz,0,0,0,0,Inf,0
TRUE,6zbtz_nT_,0,0,0,0,Inf,0
TRUE,7,0,0,0,0,Inf,0
TRUE,70,0,0,0,0,Inf,0
TRUE,70MYuURbp3X,0,0,0,0,Inf,0
TRUE,71PidUK01_GpfU,0,0,0,0,Inf,0
TRUE,72k7D-urH,0,0,0,0,Inf,0
TRUE,7Cst,0,0,0,0,Inf,0
TRUE,7DNzw0vp+,0,0,0,0,Inf,0
TRUE,7DTDR-,0,0,0,0,Inf,0
TRUE,7GOfn+,0,0,0,0,Inf,0
TRUE,7HLZE,0,0,0,0,Inf,0
TRUE,7Hio6i,0,0,0,0,Inf,0
TRUE,7HnKg1x2yAwd,0,0,0,0,Inf,0
TRUE,7ITb,0,0,0,0,Inf,0
TRUE,7MMCt.DI1vyw,0,0,0,0,Inf,0
TRUE,7OwAvKmjC-k.,0,0,0,0,Inf,0
TRUE,7Po,0,0,0,0,Inf,0
TRUE,7Q,0,0,0,0,Inf,0
TRUE,7St,0,0,0,0,Inf,0
TRUE,7V,0,0,0,0,Inf,0
TRUE,7W9dJJ,0,0,0,0,Inf,0
TRUE,7Z5,0,0,0,0,Inf,0
TRUE,7dD,0,0,0,0,2025-04-05,1
TRUE,7gguEsMeo,0,0,0,0,Inf,0
TRUE,7goZ64,0,0,0,0,Inf,0
TRUE,7ioAgTYFjx,0,0,0,0,Inf,0
TRUE,7n,0,0,0,0,Inf,0
TRUE,7pE-1ZjD4,0,0,0,0,Inf,0
TRUE,7quQqb5PG3zKOG,0,0,0,0,Inf,0
TRUE,8,0,0,0,0,Inf,0
TRUE,8.h5j9_tCuII4,0,0,0,0,Inf,0
TRUE,81_sTKOA,0,0,0,0,Inf,0
TRUE,82FST,0,0,0,0,Inf,0
TRUE,83Gp8Ij,0,0,0,0,Inf,0
TRUE,84UEjfc_,0,0,0,0,Inf,0
TRUE,8FVcrDqt64Er,0,0,0,0,Inf,0
TRUE,8ICEya,0,0,0,0,2022-09-11,1
TRUE,8K9rr7Aq,0,0,0,0,Inf,0
TRUE,8Z6r7vLj,0,0,0,0,Inf,0
TRUE,8ZMPfrE09IK4O,0,0,0,0,Inf,0
TRUE,8dMNbswb,0,0,0,0,Inf,0
TRUE,8fOE5,0,0,0,0,Inf,0
TRUE,8f_,0,0,0,0,Inf,0
TRUE,8hgPvOlUA5T,0,0,0,0,Inf,0
TRUE,8km6lZxXUqQex_r,0,0,0,0,Inf,0
TRUE,8r3,0,0,0,0,Inf,0
TRUE,8rHB38-eb_6k_,0,0,0,0,Inf,0
TRUE,9,0,0,0,0,Inf,0
TRUE,9+,0,0,0,0,Inf,0
TRUE,91,0,0,0,0,Inf,0
TRUE,91W-eAMs9Jol41,0,0,0,0,Inf,0
TRUE,949v-hHlvfLm,0,0,0,0,Inf,0
TRUE,959Wbkvhu7M,0,0,0,0,Inf,0
TRUE,97JbS_FdYWRr,0,0,0,0,Inf,0
TRUE,9JxDw,0,0,0,0,Inf,0
TRUE,9Lm2u4x,0,0,0,0,Inf,0
TRUE,9X_,0,0,0,0,Inf,0
TRUE,9gYsJJ,0,0,0,0,Inf,0
TRUE,9i2+8MjA7,0,0,0,0,Inf,0
TRUE,9iyixTMM,0,0,0,0,Inf,0
TRUE,9lIvqw.mZfzo1q.,0,0,0,0,Inf,0
TRUE,9t+G43l5KdItg,0,0,0,0,2021-04-09,1
TRUE,9y,0,0,0,0,Inf,0
TRUE,A,0,0,0,0,Inf,0
TRUE,ALoWtK,0,0,0,0,Inf,0
TRUE,AM,0,0,0,0,Inf,0
TRUE,AO,0,0,0,0,Inf,0
TRUE,AOsfDUeL.fKm,0,0,0,0,Inf,0
TRUE,AS,0,0,0,0,Inf,0
TRUE,A_7unOS,0,0,0,0,2023-10-23,1
TRUE,Ad0oVDMT,0,0,0,0,Inf,0
TRUE,Ad9299Yah,0,0,0,0,Inf,0
TRUE,Ag.Jw3o,0,0,0,0,Inf,0
TRUE,Aj5D_buF,0,0,0,0,Inf,0
TRUE,An,0,0,0,0,Inf,0
TRUE,Au,0,0,0,0,2021-02-14,1
TRUE,AzZT,0,0,0,0,Inf,0
TRUE,B,0,0,0,0,Inf,0
TRUE,B0frPD,0,0,0,0,Inf,0
TRUE,B2h9,0,0,0,0,Inf,0
TRUE,B3kSyuv5nUBFUf,0,0,0,0,Inf,0
TRUE,B7GC5WCc,0,0,0,0,Inf,0
TRUE,B8Oh+zl,0,0,0,0,Inf,0
TRUE,BGnvm0XjE2u,0,0,0,0,Inf,0
TRUE,BQupBDcv,0,0,0,0,2021-08-05,1
TRUE,BTJs7K-D1.7,0,0,0,0,Inf,0
TRUE,Ba8J+2E+,0,0,0,0,Inf,0
TRUE,Bc,0,0,0,0,Inf,0
TRUE,Bc33M9K7crc4,0,0,0,0,2023-05-03,1
TRUE,Bn,0,0,0,0,Inf,0
TRUE,Bu3r+cq+W,0,0,0,0,Inf,0
TRUE,BuTNtYX8F,0,0,0,0,Inf,0
TRUE,C,0,0,0,0,Inf,0
TRUE,C00fCfaiWv-r-xg,0,0,0,0,Inf,0
TRUE,C2-UAg_ivpo4QyZ,0,0,0,0,Inf,0
TRUE,CAtG-DiS,0,0,0,0,Inf,0
TRUE,CDS.kobkxhw6AP,0,0,0,0,Inf,0
TRUE,CJXE4E,0,0,0,0,Inf,0
TRUE,CM,0,0,0,0,Inf,0
TRUE,CZq,0,0,0,0,Inf,0
TRUE,C_,0,0,0,0,Inf,0
TRUE,Cdl._,0,0,0,0,Inf,0
TRUE,CezllATDSRoDV,0,0,0,0,Inf,0
TRUE,Ch8,0,0,0,0,Inf,0
TRUE,CiCBg7ybDF+CZ,0,0,0,0,Inf,0
TRUE,Cl68lDlmPVB,0,0,0,0,Inf,0
TRUE,Co,0,0,0,0,Inf,0
TRUE,CqzEYFIIL,0,0,0,0,Inf,0
TRUE,CrEH7OvscB,0,0,0,0,Inf,0
TRUE,Ctc6tvZZr,0,0,0,0,Inf,0
TRUE,D,0,0,0,0,Inf,0
TRUE,D.1W6uT9EVoR3P,0,0,0,0,Inf,0
TRUE,D5A5D.AfkWA10,0,0,0,0,Inf,0
TRUE,D6K5dyUwIWC9,0,0,0,0,Inf,0
TRUE,D7,0,0,0,0,Inf,0
TRUE,D9KCYh,0,0,0,0,Inf,0
TRUE,DFiM4FOD,0,0,0,0,Inf,0
TRUE,DJ,0,0,0,0,Inf,0
TRUE,DQt3ruHTI0,0,0,0,0,Inf,0
TRUE,DR4,0,0,0,0,Inf,0
TRUE,DSiCtldug,0,0,0,0,Inf,0
TRUE,DW7,0,0,0,0,Inf,0
TRUE,DY5Ps-7e4I,0,0,0,0,Inf,0
TRUE,DYIPW,0,0,0,0,Inf,0
TRUE,DYXhpK8Kvtm1,0,0,0,0,Inf,0
TRUE,DbfjKc,0,0,0,0,Inf,0
TRUE,DeOKx4JAaVfqJf,0,0,0,0,Inf,0
TRUE,Df.Uan7Cv7aurg5,0,0,0,0,Inf,0
TRUE,Dg0f+sizVL8,0,0,0,0,Inf,0
TRUE,DuCyqeQ2D75,0,0,0,0,Inf,0
TRUE,Dw3vKN_YuGrB1w,0,0,0,0,Inf,0
TRUE,DyQ7SrHS3X,0,0,0,0,Inf,0
TRUE,E,0,0,0,0,Inf,0
TRUE,E0_Z4,0,0,0,0,Inf,0
TRUE,E2hhnCI8.,0,0,0,0,Inf,0
TRUE,E8P9MK0YAU8j,0,0,0,0,Inf,0
TRUE,EBtu8q-8Q,0,0,0,0,Inf,0
TRUE,EMFTfn,0,0,0,0,Inf,0
TRUE,ENUBzZRjU7j,0,0,0,0,Inf,0
TRUE,EbczEiJHn-Xx,0,0,0,0,Inf,0
TRUE,EfP3VZpFjy1ImS,0,0,0,0,Inf,0
TRUE,ElONVqiCQQ2,0,0,0,0,Inf,0
TRUE,EmP.I7TL,0,0,0,0,Inf,0
TRUE,EuW1ZVjd0,0,0,0,0,Inf,0
TRUE,ExKR+,0,0,0,0,Inf,0
TRUE,ExMj68+Paaz,0,0,0,0,Inf,0
TRUE,F,0,0,0,0,Inf,0
TRUE,F.kTLXq,0,0,0,0,Inf,0
TRUE,F9PWcCe.-AF0PdV,0,0,0,0,Inf,0
TRUE,FB1IZTtNVb,0,0,0,0,Inf,0
TRUE,FDSbKWaDq,0,0,0,0,Inf,0
TRUE,FKfmOO,0,0,0,0,Inf,0
TRUE,FU,0,0,0,0,Inf,0
TRUE,FXhi5vyvgu,0,0,0,0,Inf,0
TRUE,Fb,0,0,0,0,Inf,0
TRUE,FgZUWpKZVW3.u,0,0,0,0,2025-04-13,1
TRUE,FkNYGQ6k9xo6aJx,0,0,0,0,Inf,0
TRUE,Flhc9iiCmRtt,0,0,0,0,Inf,0
TRUE,FotnBtuFEQs8Ib,0,0,0,0,Inf,0
TRUE,FpuPP,0,0,0,0,Inf,0
TRUE,Fv5UcNmRqKX3,0,0,0,0,Inf,0
TRUE,G+UKZUNC0,0,0,0,0,Inf,0
TRUE,G0aKqZErEV83_G,0,0,0,0,Inf,0
TRUE,G2bcdwtjqWh17,0,0,0,0,2021-01-12,1
TRUE,G4VNsb2q-pv,0,0,0,0,Inf,0
TRUE,G4XoY+Piui_+9,0,0,0,0,Inf,0
TRUE,GAShLcEMaNdNRd4,0,0,0,0,Inf,0
TRUE,GDK9P3YyJjN,0,0,0,0,Inf,0
TRUE,GFs06,0,0,0,0,Inf,0
TRUE,GGLlae5D-Hn,0,0,0,0,Inf,0
TRUE,GIb.8hP,0,0,0,0,Inf,0
TRUE,GJs5,0,0,0,0,Inf,0
TRUE,GRV,0,0,0,0,Inf,0
TRUE,GRm0K9PwdzIEC,0,0,0,0,Inf,0
TRUE,GTeLorTnAQIo5n,0,0,0,0,Inf,0
TRUE,GVqdKchuw001TZ,0,0,0,0,Inf,0
TRUE,GXVh_b+biFit,0,0,0,0,Inf,0
TRUE,GfcHkTN,0,0,0,0,Inf,0
TRUE,Ggz1VbrkO_sUlb,0,0,0,0,Inf,0
TRUE,GkJrw,0,0,0,0,Inf,0
TRUE,Gns-8nZt,0,0,0,0,Inf,0
TRUE,GuzOnU,0,0,0,0,Inf,0
TRUE,Gy,0,0,0,0,Inf,0
TRUE,GywPHqVP,0,0,0,0,Inf,0
TRUE,H,0,0,0,0,Inf,0
TRUE,H18.3H5xs,0,0,0,0,Inf,0
TRUE,H5,0,0,0,0,Inf,0
TRUE,H7,0,0,0,0,Inf,0
TRUE,H7h,0,0,0,0,Inf,0
TRUE,H8ZNQoU,0,0,0,0,Inf,0
TRUE,HArtxW1AWOoq1j,0,0,0,0,Inf,0
TRUE,HE0wtXtyZYaISEF,0,0,0,0,Inf,0
TRUE,HEtnr6INlt9i,0,0,0,0,Inf,0
TRUE,HGtQVC,0,0,0,0,Inf,0
TRUE,HI_F,0,0,0,0,Inf,0
TRUE,HWW55xS13hU6,0,0,0,0,Inf,0
TRUE,H_nhv6uhlw3X5lW,0,0,0,0,Inf,0
TRUE,Hahb,0,0,0,0,Inf,0
TRUE,HfNmTaX,0,0,0,0,Inf,0
TRUE,HgoZtNiTnfZGhoq,0,0,0,0,Inf,0
TRUE,Hl9.pT4Mllkh,0,0,0,0,Inf,0
TRUE,Hp,0,0,0,0,2024-06-09,1
TRUE,HwO1CT,0,0,0,0,Inf,0
TRUE,HxuWR2fOmPrO2,0,0,0,0,Inf,0
TRUE,HyUFsy,0,0,0,0,Inf,0
TRUE,I,0,0,0,0,Inf,0
TRUE,I2Ppv7TU+Uaw,0,0,0,0,Inf,0
TRUE,I2ph,0,0,0,0,Inf,0
TRUE,I46RKwLDzSiLkQ,0,0,0,0,Inf,0
TRUE,I5,0,0,0,0,Inf,0
TRUE,I6V26Dv0,0,0,0,0,Inf,0
TRUE,I76HdIL__,0,0,0,0,Inf,0
TRUE,IIliVxp1,0,0,0,0,Inf,0
TRUE,INsVBQhRSl+MR,0,0,0,0,Inf,0
TRUE,ISy1p4D.Z,0,0,0,0,Inf,0
TRUE,ITL9mrloTBrfJ,0,0,0,0,Inf,0
TRUE,IXFW5SlII+s-cB,0,0,0,0,Inf,0
TRUE,IgP+l,0,0,0,0,Inf,0
TRUE,IlJtqSjIEFO0V,0,0,0,0,Inf,0
TRUE,InQ-Oq-R75G,0,0,0,0,Inf,0
TRUE,IxXLruc,0,0,0,0,Inf,0
TRUE,J,0,0,0,0,2025-05-19,1
TRUE,J1CJsW1HvjOR_aG,0,0,0,0,2020-12-25,1
TRUE,JH.-MR,0,0,0,0,Inf,0
TRUE,JLROYcG3Ofv4bA,0,0,0,0,Inf,0
TRUE,JQbcgFtt.++zDH,0,0,0,0,Inf,0
TRUE,JTNRK,0,0,0,0,Inf,0
TRUE,JTabP9c,0,0,0,0,2022-03-18,1
TRUE,Ja0cr9Y,0,0,0,0,Inf,0
TRUE,Jky,0,0,0,0,Inf,0
TRUE,Jmm2M8rprH8Qv,0,0,0,0,Inf,0
TRUE,JrOTa.fW,0,0,0,0,Inf,0
TRUE,JrS-BSh84z,0,0,0,0,Inf,0
TRUE,JsL5G1eDReXLpZ,0,0,0,0,2025-12-15,1
TRUE,Jvi1C74XSIPimt9,0,0,0,0,2025-05-21,1
TRUE,Jy-zvhmhw7xL2XD,0,0,0,0,Inf,0
TRUE,K,0,0,0,0,Inf,0
TRUE,K1d.wkar49WC,0,0,0,0,Inf,0
TRUE,KAECfOUQy,0,0,0,0,Inf,0
TRUE,KH6.a.fStrdeU,0,0,0,0,Inf,0
TRUE,KW5t,0,0,0,0,Inf,0
TRUE,K_igTLPKBfxY,0,0,0,0,Inf,0
TRUE,KiipKcvZkiN,0,0,0,0,Inf,0
TRUE,KpXtlocB,0,0,0,0,Inf,0
TRUE,L,0,0,0,0,Inf,0
TRUE,L6tK6,0,0,0,0,Inf,0
TRUE,L749BZ03D,0,0,0,0,Inf,0
TRUE,L9lZ0MuK,0,0,0,0,Inf,0
TRUE,LA.Tq1TQb.,0,0,0,0,Inf,0
TRUE,LA7,0,0,0,0,Inf,0
TRUE,LAXJjMnbxA,0,0,0,0,Inf,0
TRUE,LC_zTH,0,0,0,0,Inf,0
TRUE,LFxLNebjvXl0h-,0,0,0,0,Inf,0
TRUE,LO+FxT2,0,0,0,0,Inf,0
TRUE,LW,0,0,0,0,Inf,0
TRUE,LYERoO,0,0,0,0,Inf,0
TRUE,Lf,0,0,0,0,Inf,0
TRUE,LgXoDGk+wTunLB,0,0,0,0,Inf,0
TRUE,LgyiR46.8wUX0t3,0,0,0,0,Inf,0
TRUE,LjG980tJuC,0,0,0,0,Inf,0
TRUE,Lk3,0,0,0,0,Inf,0
TRUE,Ll-,0,0,0,0,Inf,0
TRUE,LmH3hBVWG8XoI+,0,0,0,0,Inf,0
TRUE,LpLFml0ecLQoC,0,0,0,0,Inf,0
TRUE,Lqih,0,0,0,0,Inf,0
TRUE,LrOaXiey,0,0,0,0,Inf,0
TRUE,LtXQ7,0,0,0,0,Inf,0
TRUE,LuYU6fVQpdUU,0,0,0,0,Inf,0
TRUE,M,0,0,0,0,Inf,0
TRUE,M-3t8DsHn9b6B,0,0,0,0,Inf,0
TRUE,M..,0,0,0,0,Inf,0
TRUE,M6fFP.,0,0,0,0,Inf,0
TRUE,MAYdh54.91Pdy6,0,0,0,0,Inf,0
TRUE,MCqkKm8Xs,0,0,0,0,Inf,0
TRUE,ME0i9x,0,0,0,0,Inf,0
TRUE,MENt43y,0,0,0,0,Inf,0
TRUE,MErEp_zDwAlra,0,0,0,0,Inf,0
TRUE,MHTTwnDmiVi,0,0,0,0,Inf,0
TRUE,ML6.M8X,0,0,0,0,Inf,0
TRUE,MP6vWN0,0,0,0,0,Inf,0
TRUE,MQ5,0,0,0,0,Inf,0
TRUE,MQ7-cKoIkNS2,0,0,0,0,Inf,0
TRUE,MVmh2mu+8,0,0,0,0,Inf,0
TRUE,MYn1BOKs,0,0,0,0,Inf,0
TRUE,M_RUcq_tIy.2UD,0,0,0,0,Inf,0
TRUE,Mm0BQsbb_QlU,0,0,0,0,Inf,0
TRUE,Mx9+ERlKo,0,0,0,0,Inf,0
TRUE,N,0,0,0,0,Inf,0
TRUE,N+wFa1,0,0,0,0,Inf,0
TRUE,N-0zAT0aBAWd,0,0,0,0,Inf,0
TRUE,N0+Pi,0,0,0,0,Inf,0
TRUE,N4PhoN6Me6iG-80,0,0,0,0,Inf,0
TRUE,N6,0,0,0,0,Inf,0
TRUE,N7npXrX,0,0,0,0,Inf,0
TRUE,N8,0,0,0,0,Inf,0
TRUE,NA-9Mzj9rPKQGul,0,0,0,0,Inf,0
TRUE,NA1rx,0,0,0,0,Inf,0
TRUE,NHNavILyOIr5b,0,0,0,0,Inf,0
TRUE,NPGJTzvc,0,0,0,0,Inf,0
TRUE,NQ8jdMItXpyem,0,0,0,0,Inf,0
TRUE,NR,0,0,0,0,Inf,0
TRUE,NUha,0,0,0,0,Inf,0
TRUE,NVL,0,0,0,0,Inf,0
TRUE,NVOn7iNX_WJu,0,0,0,0,Inf,0
TRUE,NcE,0,0,0,0,Inf,0
TRUE,NfF_13Ra2sBar,0,0,0,0,Inf,0
TRUE,NhObOoibciW,0,0,0,0,Inf,0
TRUE,NiIY6,0,0,0,0,Inf,0
TRUE,Nxr-6L6JGZgbFJ,0,0,0,0,2023-08-25,1
TRUE,O,0,0,0,0,Inf,0
TRUE,O+6D,0,0,0,0,Inf,0
TRUE,O4iZZ00,0,0,0,0,Inf,0
TRUE,OB,0,0,0,0,Inf,0
TRUE,OBMGRq,0,0,0,0,Inf,0
TRUE,OV7aF,0,0,0,0,Inf,0
TRUE,O_Y9,0,0,0,0,Inf,0
TRUE,Opbur,0,0,0,0,Inf,0
TRUE,Opgxwz65P8fS,0,0,0,0,2025-10-29,1
TRUE,Oq,0,0,0,0,Inf,0
TRUE,OsZhKQptbi-.,0,0,0,0,Inf,0
TRUE,Ou4xJ,0,0,0,0,Inf,0
TRUE,Ouy1,0,0,0,0,Inf,0
TRUE,OwXSGoJo,0,0,0,0,Inf,0
TRUE,P,0,0,0,0,2023-09-27,1
TRUE,P-3Sog1s2,0,0,0,0,Inf,0
TRUE,P-Z+_.FujhBW7,0,0,0,0,Inf,0
TRUE,P-tPHG1j_S2,0,0,0,0,Inf,0
TRUE,P-xl21PmnqEZ,0,0,0,0,Inf,0
TRUE,P53I1tBUZ,0,0,0,0,Inf,0
TRUE,P5nM,0,0,0,0,Inf,0
TRUE,P79dh0-L1s7mWYx,0,0,0,0,Inf,0
TRUE,P7NEQtTug,0,0,0,0,Inf,0
TRUE,P8WMbeP6Zd,0,0,0,0,2023-12-31,1
TRUE,PA+,0,0,0,0,Inf,0
TRUE,PCeLS2wPF2z,0,0,0,0,2024-08-23,1
TRUE,PD28jf4W6C5,0,0,0,0,Inf,0
TRUE,PFrb-WHpY-lX6J,0,0,0,0,Inf,0
TRUE,PJ_2pv_n5ql-lI,0,0,0,0,Inf,0
TRUE,PJm+jMdj5,0,0,0,0,Inf,0
TRUE,POB,0,0,0,0,Inf,0
TRUE,PP,0,0,0,0,Inf,0
TRUE,PWIf4tgiPPLC04,0,0,0,0,Inf,0
TRUE,PX,0,0,0,0,Inf,0
TRUE,Pcfysd,0,0,0,0,Inf,0
TRUE,PfYd8,0,0,0,0,Inf,0
TRUE,Pi2,0,0,0,0,Inf,0
TRUE,PlAuChdS,0,0,0,0,Inf,0
TRUE,PqY,0,0,0,0,Inf,0
TRUE,Pqhx9uFZQ,0,0,0,0,Inf,0
TRUE,Pr2XlV7CJWS,0,0,0,0,Inf,0
TRUE,PwlaPa,0,0,0,0,Inf,0
TRUE,Px1s-WXq1wMT,0,0,0,0,Inf,0
TRUE,PyS4pydGa,0,0,0,0,Inf,0
TRUE,PzuXRe_U,0,0,0,0,Inf,0
TRUE,Q,0,0,0,0,Inf,0
TRUE,Q+tagOFOQY-jSF,0,0,0,0,Inf,0
TRUE,Q-sg,0,0,0,0,Inf,0
TRUE,Q-y2,0,0,0,0,Inf,0
TRUE,Q0QbmhwD3q,0,0,0,0,Inf,0
TRUE,Q1Kjjx7jyTeMCf,0,0,0,0,Inf,0
TRUE,Q2w6KQjFSiU,0,0,0,0,Inf,0
TRUE,Q5yo,0,0,0,0,Inf,0
TRUE,Q6Wtyb,0,0,0,0,Inf,0
TRUE,QH06lZXbWljnq,0,0,0,0,Inf,0
TRUE,QLk,0,0,0,0,Inf,0
TRUE,QT,0,0,0,0,Inf,0
TRUE,QWo_bYv,0,0,0,0,Inf,0
TRUE,QdxbHE5,0,0,0,0,Inf,0
TRUE,QfPy3eti,0,0,0,0,Inf,0
TRUE,QfYsJ+6D7-C,0,0,0,0,Inf,0
TRUE,QgH1WFg.W9M5Hck,0,0,0,0,Inf,0
TRUE,Qgz2as,0,0,0,0,Inf,0
TRUE,QhtqlGqm,0,0,0,0,Inf,0
TRUE,QkE9BBv4Y3,0,0,0,0,Inf,0
TRUE,Ql,0,0,0,0,Inf,0
TRUE,Qu7C,0,0,0,0,2022-05-18,1
TRUE,Qv,0,0,0,0,Inf,0
TRUE,Qy+6Fqao6298GuZ,0,0,0,0,Inf,0
TRUE,QzcwvYG,0,0,0,0,Inf,0
TRUE,R,0,0,0,0,Inf,0
TRUE,R3.25D3k9p6sWKp,0,0,0,0,Inf,0
TRUE,R8HTuTg7_z-,0,0,0,0,Inf,0
TRUE,RAGhEyyHG,0,0,0,0,Inf,0
TRUE,RBCLMj7XqsrA,0,0,0,0,Inf,0
TRUE,RBcWSfB3IWiZNSl,0,0,0,0,Inf,0
TRUE,RBwkHAK0e,0,0,0,0,2022-09-28,1
TRUE,RHGTb_rVH,0,0,0,0,Inf,0
TRUE,RI9r,0,0,0,0,Inf,0
TRUE,RS7aVk,0,0,0,0,Inf,0
TRUE,RT6ixQs_uWPJs5D,0,0,0,0,Inf,0
TRUE,RWLP4r2McMeFVOp,0,0,0,0,Inf,0
TRUE,Ra.Y0Zazu6CNKGg,0,0,0,0,Inf,0
TRUE,RiDPbD,0,0,0,0,Inf,0
TRUE,RiJg4oe,0,0,0,0,Inf,0
TRUE,RjfDMgdV,0,0,0,0,Inf,0
TRUE,Rkboed2hmrln,0,0,0,0,2023-01-09,1
TRUE,RuQhAsaq3,0,0,0,0,Inf,0
TRUE,S,0,0,0,0,Inf,0
TRUE,SBNOCgnGS,0,0,0,0,Inf,0
TRUE,SBj,0,0,0,0,Inf,0
TRUE,SDi,0,0,0,0,Inf,0
TRUE,SFxiSb.rP0HO1t-,0,0,0,0,Inf,0
TRUE,SGYc,0,0,0,0,Inf,0
TRUE,SM4c2LGCMWSFD3,0,0,0,0,Inf,0
TRUE,SMFheZyaPL,0,0,0,0,2022-07-10,1
TRUE,SP5kM7lfnI5,0,0,0,0,Inf,0
TRUE,SQgv,0,0,0,0,Inf,0
TRUE,SUji,0,0,0,0,Inf,0
TRUE,SZVGCR2eYF,0,0,0,0,2024-12-08,1
TRUE,S_AGl2C,0,0,0,0,Inf,0
TRUE,Scqo+,0,0,0,0,Inf,0
TRUE,Seh8lQzE5mI,0,0,0,0,Inf,0
TRUE,SjIH-7hikD+,0,0,0,0,Inf,0
TRUE,SuQekCL,0,0,0,0,Inf,0
TRUE,SvK,0,0,0,0,Inf,0
TRUE,T,0,0,0,0,Inf,0
TRUE,T-GuJ8IL,0,0,0,0,Inf,0
TRUE,TC1vj5pKc+,0,0,0,0,Inf,0
TRUE,TGSMEr4fm,0,0,0,0,Inf,0
TRUE,TLszCw2Rcp,0,0,0,0,Inf,0
TRUE,TMIJV,0,0,0,0,Inf,0
TRUE,TSQ5MBbJrh,0,0,0,0,Inf,0
TRUE,TSZ3xtHXHX,0,0,0,0,2023-11-07,1
TRUE,TapIF8DNr4yUgK,0,0,0,0,Inf,0
TRUE,Tb5r5Q,0,0,0,0,Inf,0
TRUE,Tfb0zWJ,0,0,0,0,Inf,0
TRUE,Tg9Om_a-Fy_NIQ,0,0,0,0,Inf,0
TRUE,ThNvYrQ+qKa,0,0,0,0,Inf,0
TRUE,Tpz.Ov.dT0aD9,0,0,0,0,Inf,0
TRUE,U1SL.UUQN,0,0,0,0,Inf,0
TRUE,U2YyNiPNJd+,0,0,0,0,Inf,0
TRUE,UFO2SOg,0,0,0,0,2024-11-24,1
TRUE,UI,0,0,0,0,Inf,0
TRUE,UIn+tkqC,0,0,0,0,Inf,0
TRUE,UJ8zPJVKdym,0,0,0,0,Inf,0
TRUE,UMwZJ1ChA,0,0,0,0,Inf,0
TRUE,US,0,0,0,0,Inf,0
TRUE,UTh,0,0,0,0,Inf,0
TRUE,UUe14C20m,0,0,0,0,Inf,0
TRUE,UZhj,0,0,0,0,Inf,0
TRUE,UhEgArK,0,0,0,0,Inf,0
TRUE,UinXY.Ih.7Pc,0,0,0,0,Inf,0
TRUE,Ul,0,0,0,0,Inf,0
TRUE,Us,0,0,0,0,Inf,0
TRUE,UtPOaDqLN,0,0,0,0,Inf,0
TRUE,UveY4QfcCj3Un,0,0,0,0,Inf,0
TRUE,Uvia4,0,0,0,0,Inf,0
TRUE,V,0,0,0,0,Inf,0
TRUE,V3kZdN8HcZvEw9a,0,0,0,0,Inf,0
TRUE,V3xANXs,0,0,0,0,Inf,0
TRUE,V9,0,0,0,0,Inf,0
TRUE,VEAbPtwrH,0,0,0,0,Inf,0
TRUE,VKeY2QG1KXt,0,0,0,0,Inf,0
TRUE,VP0B6PS_,0,0,0,0,Inf,0
TRUE,VTS,0,0,0,0,Inf,0
TRUE,VWQZkMk,0,0,0,0,Inf,0
TRUE,V_._YYJVmEAD,0,0,0,0,Inf,0
TRUE,VmA5R-9,0,0,0,0,Inf,0
TRUE,Vp.mVmKd,0,0,0,0,Inf,0
TRUE,VsLRShoDv,0,0,0,0,Inf,0
TRUE,Vv8tK88RE,0,0,0,0,Inf,0
TRUE,Vx7vWYCK,0,0,0,0,Inf,0
TRUE,VxC3,0,0,0,0,Inf,0
TRUE,VxZQAqC,0,0,0,0,Inf,0
TRUE,W,0,0,0,0,Inf,0
TRUE,W162c6SN,0,0,0,0,Inf,0
TRUE,W3DXjQWJgTsPB,0,0,0,0,Inf,0
TRUE,W3mXKDioP_ok,0,0,0,0,Inf,0
TRUE,W6ucG4,0,0,0,0,Inf,0
TRUE,WA0O2kz,0,0,0,0,Inf,0
TRUE,WDsKSEeMmtu9a,0,0,0,0,Inf,0
TRUE,WGwtUM_IXO-rLTm,0,0,0,0,Inf,0
TRUE,WIVldbRJ6Weh,0,0,0,0,Inf,0
TRUE,WNOke,0,0,0,0,Inf,0
TRUE,WPefXwbdRr,0,0,0,0,Inf,0
TRUE,WUJSi-w38Tz5,0,0,0,0,Inf,0
TRUE,WUyz1,0,0,0,0,2021-05-06,1
TRUE,WVDE,0,0,0,0,Inf,0
TRUE,W__GAu,0,0,0,0,Inf,0
TRUE,WbE,0,0,0,0,Inf,0
TRUE,WfqGvVPbu,0,0,0,0,2025-12-02,1
TRUE,Wi9tks.l,0,0,0,0,Inf,0
TRUE,Wj6dpTKt+3SUG_x,0,0,0,0,Inf,0
TRUE,WpVLGi8ZnOpYmJN,0,0,0,0,Inf,0
TRUE,Wq0I-ke,0,0,0,0,Inf,0
TRUE,Wq_Q1fO,0,0,0,0,Inf,0
TRUE,WtQ3oW,0,0,0,0,2025-12-22,1
TRUE,X-8ID,0,0,0,0,Inf,0
TRUE,X4M6Ok,0,0,0,0,Inf,0
TRUE,X5,0,0,0,0,Inf,0
TRUE,X5N1dmg.V,0,0,0,0,Inf,0
TRUE,X5lxOln6WPQZ-,0,0,0,0,Inf,0
TRUE,X8csVFtKlXjYL.9,0,0,0,0,Inf,0
TRUE,XFEXlUu,0,0,0,0,Inf,0
TRUE,XGfxI5Z5-Hpq,0,0,0,0,Inf,0
TRUE,XH-hyr-+fJ,0,0,0,0,Inf,0
TRUE,XHGZnLo8WsF,0,0,0,0,Inf,0
TRUE,XNVzAT2sGDN,0,0,0,0,Inf,0
TRUE,XPoKPHM.o+-,0,0,0,0,Inf,0
TRUE,XUV8,0,0,0,0,Inf,0
TRUE,XWMqUfEM,0,0,0,0,Inf,0
TRUE,X_RQCX4sDc_vd,0,0,0,0,Inf,0
TRUE,XdX,0,0,0,0,2022-05-25,1
TRUE,Xo,0,0,0,0,Inf,0
TRUE,Xry_FfYBbuE1m0,0,0,0,0,Inf,0
TRUE,XtUCg.G,0,0,0,0,Inf,0
TRUE,XzfPO+Nsb5t2GAE,0,0,0,0,Inf,0
TRUE,Y,0,0,0,0,Inf,0
TRUE,Y.entsavgZ,0,0,0,0,Inf,0
TRUE,Y6QEBkAr7,0,0,0,0,Inf,0
TRUE,Y6bd8zUy.Uhk9FU,0,0,0,0,Inf,0
TRUE,Y7KkV5nnsN,0,0,0,0,Inf,0
TRUE,Y8uz-NY,0,0,0,0,Inf,0
TRUE,YAK,0,0,0,0,Inf,0
TRUE,YDv,0,0,0,0,Inf,0
TRUE,YFp4AUuuMf,0,0,0,0,Inf,0
TRUE,YHBrkkL7h,0,0,0,0,Inf,0
TRUE,YMqOjVR,0,0,0,0,Inf,0
TRUE,YNZTRghgr9M3-,0,0,0,0,Inf,0
TRUE,YOUgLyw8TuP,0,0,0,0,Inf,0
TRUE,YQAi3,0,0,0,0,Inf,0
TRUE,YRhQapAVNu,0,0,0,0,Inf,0
TRUE,YTirLD9ETlorD0,0,0,0,0,Inf,0
TRUE,YUZ+mecU2BACH,0,0,0,0,Inf,0
TRUE,YVg2r,0,0,0,0,Inf,0
TRUE,Yl8TTGA,0,0,0,0,Inf,0
TRUE,YlQ6asD,0,0,0,0,Inf,0
TRUE,YpQY1IGW6pkrX_Y,0,0,0,0,Inf,0
TRUE,YvR,0,0,0,0,Inf,0
TRUE,Yvpt,0,0,0,0,Inf,0
TRUE,Ywvwnl86n,0,0,0,0,Inf,0
TRUE,Z,0,0,0,0,2023-06-01,1
TRUE,Z0WIIE62Se,0,0,0,0,Inf,0
TRUE,Z4Rce464yYKUQj,0,0,0,0,Inf,0
TRUE,ZAbB.0tD,0,0,0,0,2023-10-21,1
TRUE,ZEPtqhoj._L,0,0,0,0,Inf,0
TRUE,ZFntJA,0,0,0,0,Inf,0
TRUE,ZGB-S9zX+FMz,0,0,0,0,Inf,0
TRUE,ZPPopHzC0ajXCEN,0,0,0,0,Inf,0
TRUE,ZTCEWn,0,0,0,0,Inf,0
TRUE,ZWWiY2buR3FfGX,0,0,0,0,Inf,0
TRUE,ZX73lFqGVk9f,0,0,0,0,Inf,0
TRUE,Zh-pYvPq,0,0,0,0,Inf,0
TRUE,Zib,0,0,0,0,Inf,0
TRUE,ZkSnUmncsijv,0,0,0,0,Inf,0
TRUE,Zlc,0,0,0,0,Inf,0
TRUE,Zq,0,0,0,0,Inf,0
TRUE,ZqN8LXCTvnu1QN,0,0,0,0,Inf,0
TRUE,Zxa7MaIr0AF.Of,0,0,0,0,Inf,0
TRUE,_,0,0,0,0,Inf,0
TRUE,_+H761Pm4,0,0,0,0,2022-06-26,1
TRUE,_5nS.N,0,0,0,0,Inf,0
TRUE,_9IvpfTpOHt2W,0,0,0,0,Inf,0
TRUE,_BW6-m5E,0,0,0,0,Inf,0
TRUE,_Dh13_R,0,0,0,0,Inf,0
TRUE,_E,0,0,0,0,Inf,0
TRUE,_JV1Yw-U,0,0,0,0,Inf,0
TRUE,_K.lpNnNp,0,0,0,0,2025-08-01,1
TRUE,_KA3+mc.S,0,0,0,0,Inf,0
TRUE,_Trxe0,0,0,0,0,Inf,0
TRUE,_Vz,0,0,0,0,Inf,0
TRUE,_Z5A4SW5YRdG,0,0,0,0,Inf,0
TRUE,_a,0,0,0,0,Inf,0
TRUE,_d1+Hoj5W,0,0,0,0,Inf,0
TRUE,_he2,0,0,0,0,Inf,0
TRUE,_mZ95X3lWL7LV9,0,0,0,0,Inf,0
TRUE,_v1eJHB,0,0,0,0,Inf,0
TRUE,a.,0,0,0,0,Inf,0
TRUE,a1,0,0,0,0,Inf,0
TRUE,a12idQUFjRQ,0,0,0,0,Inf,0
TRUE,a48CnUCwIzRiqph,0,0,0,0,Inf,0
TRUE,a5iGNp0LYWA,0,0,0,0,Inf,0
TRUE,a9,0,0,0,0,Inf,0
TRUE,a9TTMieNGyvYx,0,0,0,0,Inf,0
TRUE,a9VhrSjFjiP5WU,0,0,0,0,Inf,0
TRUE,aGbtd6P,0,0,0,0,2022-11-06,1
TRUE,aIdu,0,0,0,0,Inf,0
TRUE,aT-pTXE0TUw,0,0,0,0,Inf,0
TRUE,aVZYw2wy6jbip,0,0,0,0,Inf,0
TRUE,a_aD.wi2,0,0,0,0,Inf,0
TRUE,ac,0,0,0,0,Inf,0
TRUE,aey47mb-,0,0,0,0,Inf,0
TRUE,aiTnbuN,0,0,0,0,Inf,0
TRUE,akIzIpRuaiaVDI,0,0,0,0,Inf,0
TRUE,aliQCN_+qd+t,0,0,0,0,Inf,0
TRUE,aljrL,0,0,0,0,Inf,0
TRUE,aqDJgp,0,0,0,0,Inf,0
TRUE,aq_o,0,0,0,0,Inf,0
TRUE,ar,0,0,0,0,Inf,0
TRUE,arJu,0,0,0,0,Inf,0
TRUE,aufa-C_P_vY,0,0,0,0,Inf,0
TRUE,ayVM,0,0,0,0,Inf,0
TRUE,azCp7OUL5SO,0,0,0,0,2024-05-15,1
TRUE,b,0,0,0,0,Inf,0
TRUE,bA_j9CoDQB7cmG7,0,0,0,0,Inf,0
TRUE,bArO,0,0,0,0,Inf,0
TRUE,bBrtaFkPshO6,0,0,0,0,Inf,0
TRUE,bCN-j7vsBkNWq-8,0,0,0,0,Inf,0
TRUE,bDqtYT7D,0,0,0,0,Inf,0
TRUE,bFqrkb-Z0,0,0,0,0,Inf,0
TRUE,bL,0,0,0,0,Inf,0
TRUE,bLC0x-WuST.,0,0,0,0,Inf,0
TRUE,bQlI8ffFRbV,0,0,0,0,Inf,0
TRUE,bRo,0,0,0,0,Inf,0
TRUE,bYEsU7E,0,0,0,0,Inf,0
TRUE,bZWQ2IfYM,0,0,0,0,Inf,0
TRUE,bc,0,0,0,0,Inf,0
TRUE,bhB4lu4qt,0,0,0,0,Inf,0
TRUE,biN-.6aj46o5C.,0,0,0,0,Inf,0
TRUE,blQstCuBR,0,0,0,0,Inf,0
TRUE,boOuCgn1XP.XO,0,0,0,0,Inf,0
TRUE,bppp-dNCI3cv,0,0,0,0,Inf,0
TRUE,bxIT,0,0,0,0,Inf,0
TRUE,bzB+xIZ45uN38v,0,0,0,0,Inf,0
TRUE,c,0,0,0,0,Inf,0
TRUE,c.y6OmDjeqmp,0,0,0,0,Inf,0
TRUE,c0Ma,0,0,0,0,Inf,0
TRUE,c4J-Mfxt4UT,0,0,0,0,2024-01-21,1
TRUE,c7xU,0,0,0,0,Inf,0
TRUE,c8jI.j8w1Ee,0,0,0,0,Inf,0
TRUE,cJTLSU4YZuYnhAX,0,0,0,0,Inf,0
TRUE,cK,0,0,0,0,Inf,0
TRUE,cKl3+x8,0,0,0,0,Inf,0
TRUE,cQYu8qQA-sgy,0,0,0,0,Inf,0
TRUE,cW.YGlOHubFNfPB,0,0,0,0,Inf,0
TRUE,ccC+Ew2xrw,0,0,0,0,Inf,0
TRUE,ccUI-DeIl,0,0,0,0,Inf,0
TRUE,cjZes,0,0,0,0,Inf,0
TRUE,cu7a,0,0,0,0,2022-12-18,1
TRUE,cul,0,0,0,0,Inf,0
TRUE,cy77kUY,0,0,0,0,Inf,0
TRUE,d40qTreDse3,0,0,0,0,Inf,0
TRUE,d6ZpRfThD,0,0,0,0,Inf,0
TRUE,dBQKV7,0,0,0,0,2023-09-03,1
TRUE,dE8HrJ,0,0,0,0,Inf,0
TRUE,dEMsELfWj_,0,0,0,0,Inf,0
TRUE,dHQkZcU,0,0,0,0,Inf,0
TRUE,dL,0,0,0,0,Inf,0
TRUE,dRsMH4BVglvd71,0,0,0,0,Inf,0
TRUE,db.q,0,0,0,0,Inf,0
TRUE,ddURyZl74,0,0,0,0,Inf,0
TRUE,dgK,0,0,0,0,Inf,0
TRUE,dgPsBR-r0+n,0,0,0,0,Inf,0
TRUE,dgxx9M08u+sZ9,0,0,0,0,2024-05-14,1
TRUE,dh+,0,0,0,0,Inf,0
TRUE,dho0A5+w,0,0,0,0,2022-12-27,1
TRUE,dihunEzPzeNvCk,0,0,0,0,Inf,0
TRUE,djr_-S,0,0,0,0,Inf,0
TRUE,djxAzemZ,0,0,0,0,Inf,0
TRUE,dvX7l,0,0,0,0,Inf,0
TRUE,dymbgofeWhek1lF,0,0,0,0,Inf,0
TRUE,e,0,0,0,0,Inf,0
TRUE,e.F7ou3w9,0,0,0,0,Inf,0
TRUE,e5D95E68oKk.E,0,0,0,0,Inf,0
TRUE,e8qj0FpIj_Bi9,0,0,0,0,Inf,0
TRUE,eCC,0,0,0,0,Inf,0
TRUE,eE+S3i1Fmq+9w,0,0,0,0,2023-08-06,1
TRUE,eKOWj,0,0,0,0,Inf,0
TRUE,eL,0,0,0,0,Inf,0
TRUE,eLibih.,0,0,0,0,Inf,0
TRUE,eQzOuFyf_rCG,0,0,0,0,Inf,0
TRUE,eWQT,0,0,0,0,Inf,0
TRUE,eZA5-6fFlFCTf,0,0,0,0,Inf,0
TRUE,ed2_mx+u8yCur,0,0,0,0,Inf,0
TRUE,ehjpLHXk_s,0,0,0,0,Inf,0
TRUE,eiS+HG,0,0,0,0,Inf,0
TRUE,eis,0,0,0,0,Inf,0
TRUE,ek4gUudLNPuo,0,0,0,0,Inf,0
TRUE,em7Pe00Y+yOO4,0,0,0,0,Inf,0
TRUE,eq,0,0,0,0,2025-11-05,1
TRUE,eqxaYq,0,0,0,0,Inf,0
TRUE,exWsq4Vt_D,0,0,0,0,Inf,0
TRUE,f,0,0,0,0,Inf,0
TRUE,f2q,0,0,0,0,Inf,0
TRUE,fEliR,0,0,0,0,Inf,0
TRUE,fM1-_7,0,0,0,0,Inf,0
TRUE,fNl-JH99MpxP,0,0,0,0,Inf,0
TRUE,fPag8qOB,0,0,0,0,Inf,0
TRUE,fSjm8Q3,0,0,0,0,Inf,0
TRUE,fWZrqBvRYpe+J,0,0,0,0,Inf,0
TRUE,fXrjgEUfkQ,0,0,0,0,Inf,0
TRUE,fYiW,0,0,0,0,2024-04-23,1
TRUE,fa-otF,0,0,0,0,Inf,0
TRUE,fbH-GFpq,0,0,0,0,Inf,0
TRUE,fh2hy3,0,0,0,0,Inf,0
TRUE,fkNRiLBh4MFoXW,0,0,0,0,Inf,0
TRUE,flBwULwXk5q+,0,0,0,0,Inf,0
TRUE,fyd6G,0,0,0,0,Inf,0
TRUE,fzlH7isH2s2UZ+,0,0,0,0,Inf,0
TRUE,g,0,0,0,0,2022-08-31,1
TRUE,g1aCkGiVBvS7,0,0,0,0,Inf,0
TRUE,g2_l9dFm4Esvhg,0,0,0,0,Inf,0
TRUE,g383L+2,0,0,0,0,Inf,0
TRUE,g4,0,0,0,0,Inf,0
TRUE,g4Xm3rU,0,0,0,0,2024-05-20,1
TRUE,gCXm5bPyDL,0,0,0,0,Inf,0
TRUE,gCh4r,0,0,0,0,Inf,0
TRUE,gDspQu6,0,0,0,0,Inf,0
TRUE,gKCcc+MKu,0,0,0,0,Inf,0
TRUE,gQk3k.,0,0,0,0,Inf,0
TRUE,gWdxUqx9aur7,0,0,0,0,Inf,0
TRUE,gb7susoYR3gju8F,0,0,0,0,Inf,0
TRUE,geSaS8Je,0,0,0,0,Inf,0
TRUE,gftQB,0,0,0,0,Inf,0
TRUE,gggRR,0,0,0,0,Inf,0
TRUE,gkvO.iy8FoK,0,0,0,0,Inf,0
TRUE,glSxli5wtXGnX6,0,0,0,0,Inf,0
TRUE,gpl+VAHoxf9,0,0,0,0,Inf,0
TRUE,gqp19tux,0,0,0,0,Inf,0
TRUE,h,0,0,0,0,Inf,0
TRUE,h+nwX.,0,0,0,0,Inf,0
TRUE,h-dvdo8BGMfgCZ,0,0,0,0,Inf,0
TRUE,h0,0,0,0,0,Inf,0
TRUE,hCBB,0,0,0,0,Inf,0
TRUE,hEEsi-Zu8B,0,0,0,0,Inf,0
TRUE,hEMQ0Wx,0,0,0,0,Inf,0
TRUE,hWU4RdJA,0,0,0,0,Inf,0
TRUE,hiG62f,0,0,0,0,Inf,0
TRUE,hj73deU,0,0,0,0,Inf,0
TRUE,hkWRX,0,0,0,0,Inf,0
TRUE,hlnWWz.HjU,0,0,0,0,Inf,0
TRUE,hmCW,0,0,0,0,Inf,0
TRUE,hrSznA,0,0,0,0,Inf,0
TRUE,hukwqdA,0,0,0,0,Inf,0
TRUE,hw-lI,0,0,0,0,Inf,0
TRUE,i,0,0,0,0,Inf,0
TRUE,i4OAiwaYG1dAWx_,0,0,0,0,Inf,0
TRUE,iAAR,0,0,0,0,Inf,0
TRUE,iCEDc,0,0,0,0,2022-02-24,1
TRUE,iGXPLewz_70mua.,0,0,0,0,Inf,0
TRUE,iKDRRd+M8gBA,0,0,0,0,Inf,0
TRUE,iN8,0,0,0,0,Inf,0
TRUE,iVWkaszFhgQNSg,0,0,0,0,2025-11-06,1
TRUE,iVY,0,0,0,0,Inf,0
TRUE,iW-J1x,0,0,0,0,2024-11-06,1
TRUE,iYlNLgbisLvmIv1,0,0,0,0,Inf,0
TRUE,iaYaatlF,0,0,0,0,Inf,0
TRUE,ig9E,0,0,0,0,Inf,0
TRUE,inoap+,0,0,0,0,Inf,0
TRUE,ivBH,0,0,0,0,Inf,0
TRUE,iy5y7tQOTPthxWp,0,0,0,0,Inf,0
TRUE,izT_VD1,0,0,0,0,Inf,0
TRUE,j,0,0,0,0,Inf,0
TRUE,j2ik8tPgYcRqu,0,0,0,0,Inf,0
TRUE,j7ZzxI,0,0,0,0,Inf,0
TRUE,j7h,0,0,0,0,Inf,0
TRUE,j8UUg9,0,0,0,0,Inf,0
TRUE,j9JZ,0,0,0,0,Inf,0
TRUE,jD,0,0,0,0,Inf,0
TRUE,jHClWr11xxRZ,0,0,0,0,Inf,0
TRUE,jOy,0,0,0,0,Inf,0
TRUE,jPLbr,0,0,0,0,Inf,0
TRUE,jRtBcz,0,0,0,0,Inf,0
TRUE,jU.0eV4F9210Tz,0,0,0,0,Inf,0
TRUE,jXf0+c8,0,0,0,0,Inf,0
TRUE,jc,0,0,0,0,Inf,0
TRUE,jcLIN7H9Do4vEhn,0,0,0,0,Inf,0
TRUE,jj5x,0,0,0,0,Inf,0
TRUE,jph3l6,0,0,0,0,2025-10-30,1
TRUE,jr8+P,0,0,0,0,2024-08-25,1
TRUE,js,0,0,0,0,Inf,0
TRUE,jsTuDv7L_c,0,0,0,0,Inf,0
TRUE,ju1OlsxKWETE,0,0,0,0,Inf,0
TRUE,jwwX0BMaKoOGy,0,0,0,0,Inf,0
TRUE,k,0,0,0,0,Inf,0
TRUE,kJb7Tw2todzMO,0,0,0,0,Inf,0
TRUE,kKdqbxfe337cAAk,0,0,0,0,Inf,0
TRUE,kNu8S,0,0,0,0,Inf,0
TRUE,kQrGISjemeGjzgj,0,0,0,0,Inf,0
TRUE,kWvPv_g4nD,0,0,0,0,Inf,0
TRUE,kfLv8,0,0,0,0,Inf,0
TRUE,kfzENGoxW_to.H,0,0,0,0,2024-11-09,1
TRUE,kkj1aJZh+,0,0,0,0,Inf,0
TRUE,koQgEtQ3FDe1vkO,0,0,0,0,Inf,0
TRUE,kp6a6FD3,0,0,0,0,Inf,0
TRUE,kvpFI.Qsa,0,0,0,0,Inf,0
TRUE,kwvJw1Hey9dg-QP,0,0,0,0,2021-12-27,1
TRUE,kwwtUWzZbQY2R,0,0,0,0,2022-10-14,1
TRUE,l-9YNYw,0,0,0,0,Inf,0
TRUE,l1rpWejq8+4,0,0,0,0,Inf,0
TRUE,l8N2HGK,0,0,0,0,Inf,0
TRUE,lA,0,0,0,0,Inf,0
TRUE,lFO0un,0,0,0,0,Inf,0
TRUE,lFdFdwOrN,0,0,0,0,2022-02-19,1
TRUE,lNSC6S8s4A,0,0,0,0,2022-10-25,1
TRUE,lQN6L,0,0,0,0,2025-01-23,1
TRUE,lQuwTMuc2,0,0,0,0,Inf,0
TRUE,lSifaBvj5Og,0,0,0,0,Inf,0
TRUE,lT3Br_OpHv_609,0,0,0,0,2023-03-27,1
TRUE,lWwHaMa5,0,0,0,0,Inf,0
TRUE,lYq1AKqE_,0,0,0,0,Inf,0
TRUE,lZ+Dq3mA,0,0,0,0,Inf,0
TRUE,lcK,0,0,0,0,Inf,0
TRUE,lcfXfxcO5O,0,0,0,0,Inf,0
TRUE,ldELwxeyu5,0,0,0,0,Inf,0
TRUE,lol,0,0,0,0,Inf,0
TRUE,lu2nUL3D6Vd,0,0,0,0,Inf,0
TRUE,lwYYoVB4_bX_VMQ,0,0,0,0,Inf,0
TRUE,lz6uFb1LdSSg9w,0,0,0,0,Inf,0
TRUE,lzYpoUuNb6,0,0,0,0,2025-10-27,1
TRUE,m+C,0,0,0,0,Inf,0
TRUE,m5D,0,0,0,0,Inf,0
TRUE,m5E0qY9i.vu4,0,0,0,0,Inf,0
TRUE,m6DyLLXeJxq,0,0,0,0,Inf,0
TRUE,mDY6HCT_wBx,0,0,0,0,Inf,0
TRUE,mMCIbBhlU+Xgs,0,0,0,0,Inf,0
TRUE,mOsjtJ,0,0,0,0,2021-10-05,1
TRUE,mQqkqxV,0,0,0,0,Inf,0
TRUE,mX,0,0,0,0,Inf,0
TRUE,mYZ6kOIl_,0,0,0,0,Inf,0
TRUE,mYaNMQ39No,0,0,0,0,Inf,0
TRUE,mmH4_,0,0,0,0,Inf,0
TRUE,mo6DpzEB7qG,0,0,0,0,Inf,0
TRUE,moy,0,0,0,0,Inf,0
TRUE,mpjtFVTdSPPJ3r,0,0,0,0,2023-04-13,1
TRUE,ms79y9,0,0,0,0,Inf,0
TRUE,mtuHq3Tu5yoe,0,0,0,0,Inf,0
TRUE,mw,0,0,0,0,Inf,0
TRUE,mwnUK7Qh,0,0,0,0,2021-03-04,1
TRUE,mxbL+qny+UEC.B,0,0,0,0,Inf,0
TRUE,mzCoaxscryNcZ,0,0,0,0,Inf,0
TRUE,n,0,0,0,0,Inf,0
TRUE,n09q2A8RZGxm,0,0,0,0,Inf,0
TRUE,n0L3RzgUqm,0,0,0,0,Inf,0
TRUE,n5Zq-06,0,0,0,0,Inf,0
TRUE,nBL7zIn.UJ7,0,0,0,0,Inf,0
TRUE,nCCYbs3N2qnU,0,0,0,0,Inf,0
TRUE,nEq_B,0,0,0,0,2021-01-27,1
TRUE,nGC4tnoVxd_f,0,0,0,0,Inf,0
TRUE,nNN,0,0,0,0,2021-12-28,1
TRUE,nOqiHVvafVxamQr,0,0,0,0,Inf,0
TRUE,nPIXq,0,0,0,0,Inf,0
TRUE,nTkdS0Ufb,0,0,0,0,Inf,0
TRUE,nVx3EK5gFGinp,0,0,0,0,2024-09-10,1
TRUE,nX,0,0,0,0,Inf,0
TRUE,nXWSTBTH.UIhc,0,0,0,0,Inf,0
TRUE,nYzyCoQeNW,0,0,0,0,Inf,0
TRUE,ndRW0raAO,0,0,0,0,Inf,0
TRUE,nfcrQ6PmUQkt,0,0,0,0,Inf,0
TRUE,nmYHrAT,0,0,0,0,Inf,0
TRUE,no,0,0,0,0,Inf,0
TRUE,nsnCjy,0,0,0,0,Inf,0
TRUE,nu2MZ69IKbT,0,0,0,0,Inf,0
TRUE,nw0u,0,0,0,0,Inf,0
TRUE,nz88m7,0,0,0,0,Inf,0
TRUE,o,0,0,0,0,Inf,0
TRUE,o6BStHCbGuRW9,0,0,0,0,Inf,0
TRUE,o9PS14LGV,0,0,0,0,Inf,0
TRUE,oHeUlsSJSOQplYe,0,0,0,0,Inf,0
TRUE,oICdAM+iOLZ_,0,0,0,0,Inf,0
TRUE,oMUhqmUTNB-L1Z3,0,0,0,0,Inf,0
TRUE,oOf9DTS6,0,0,0,0,Inf,0
TRUE,oPz,0,0,0,0,Inf,0
TRUE,oSBYNVg4wpDrxt5,0,0,0,0,Inf,0
TRUE,oZ9idA96,0,0,0,0,Inf,0
TRUE,o_wDb9eDNvR,0,0,0,0,Inf,0
TRUE,oqm,0,0,0,0,Inf,0
TRUE,ozMOj,0,0,0,0,Inf,0
TRUE,p,0,0,0,0,Inf,0
TRUE,p0adX,0,0,0,0,Inf,0
TRUE,p3g2d9l5QLdz5,0,0,0,0,Inf,0
TRUE,pDuxZs,0,0,0,0,2025-01-21,1
TRUE,pHcmcep2,0,0,0,0,Inf,0
TRUE,pKq07Y_,0,0,0,0,Inf,0
TRUE,pM7jk,0,0,0,0,Inf,0
TRUE,pMutN6J9A.,0,0,0,0,Inf,0
TRUE,pNB,0,0,0,0,2022-05-19,1
TRUE,pSa_tr3_V_n4aX,0,0,0,0,Inf,0
TRUE,pTv_nptYQrPM_N,0,0,0,0,Inf,0
TRUE,pUE,0,0,0,0,Inf,0
TRUE,pViQTb,0,0,0,0,Inf,0
TRUE,pW2I-wnW,0,0,0,0,Inf,0
TRUE,pYNWZp2Y4,0,0,0,0,Inf,0
TRUE,pe0NmFvdUjSW_LE,0,0,0,0,Inf,0
TRUE,pkb3n_8CqUk5,0,0,0,0,Inf,0
TRUE,pkvm,0,0,0,0,Inf,0
TRUE,pr,0,0,0,0,Inf,0
TRUE,q,0,0,0,0,2024-02-08,1
TRUE,q04ge8cymx6OPVy,0,0,0,0,Inf,0
TRUE,q74ukp,0,0,0,0,Inf,0
TRUE,q7jclrH2,0,0,0,0,2023-01-19,1
TRUE,qBdfTbzM_VMLX+9,0,0,0,0,Inf,0
TRUE,qEfwO6P,0,0,0,0,Inf,0
TRUE,qF6tmdE,0,0,0,0,Inf,0
TRUE,qG84QLhK8k-paPc,0,0,0,0,2022-08-16,1
TRUE,qK2,0,0,0,0,Inf,0
TRUE,qMW,0,0,0,0,Inf,0
TRUE,qNMlvrsvlej-.,0,0,0,0,2024-06-27,1
TRUE,qNo,0,0,0,0,Inf,0
TRUE,qP..IKb4.xIk_,0,0,0,0,Inf,0
TRUE,qQdqtLX.,0,0,0,0,Inf,0
TRUE,qQjCw46+h4a3,0,0,0,0,Inf,0
TRUE,qRbDvUv94ZMgLgO,0,0,0,0,Inf,0
TRUE,qT,0,0,0,0,2024-12-25,1
TRUE,qTk,0,0,0,0,Inf,0
TRUE,qadATX21lfjE0fT,0,0,0,0,Inf,0
TRUE,qaiuGV,0,0,0,0,Inf,0
TRUE,qc,0,0,0,0,Inf,0
TRUE,qc.,0,0,0,0,Inf,0
TRUE,qe5Legyq-PbD,0,0,0,0,Inf,0
TRUE,qi,0,0,0,0,Inf,0
TRUE,qy6b,0,0,0,0,Inf,0
TRUE,r.5Z6z7Y_a,0,0,0,0,Inf,0
TRUE,r0.J+Z,0,0,0,0,Inf,0
TRUE,r4QbeeLw,0,0,0,0,Inf,0
TRUE,r8dYVjURoG_Tq6f,0,0,0,0,Inf,0
TRUE,rAq4QdZH0,0,0,0,0,Inf,0
TRUE,rC6R5Jl3r,0,0,0,0,Inf,0
TRUE,rLJ8iTra,0,0,0,0,Inf,0
TRUE,rNw_dAbnm.xIsg,0,0,0,0,Inf,0
TRUE,rRo,0,0,0,0,2021-10-03,1
TRUE,rXkt,0,0,0,0,Inf,0
TRUE,rYky4sXvJV,0,0,0,0,2021-03-30,1
TRUE,rdXzD_g5v2tqEa,0,0,0,0,Inf,0
TRUE,rk_+_Ab,0,0,0,0,Inf,0
TRUE,rlnYuVqy0b,0,0,0,0,Inf,0
TRUE,rr,0,0,0,0,Inf,0
TRUE,s,0,0,0,0,Inf,0
TRUE,s+OjqkSyqzbRnjc,0,0,0,0,Inf,0
TRUE,s-+JWqiuS7,0,0,0,0,2023-01-23,1
TRUE,s.J+XpC,0,0,0,0,2024-11-02,1
TRUE,s3Aivg2qU,0,0,0,0,2021-08-20,1
TRUE,s4Qn37-2eyAes,0,0,0,0,Inf,0
TRUE,s9,0,0,0,0,Inf,0
TRUE,sFcM,0,0,0,0,Inf,0
TRUE,sb8,0,0,0,0,Inf,0
TRUE,scTJT,0,0,0,0,Inf,0
TRUE,shdyN05FGxNzcl,0,0,0,0,Inf,0
TRUE,sm0aL+j,0,0,0,0,Inf,0
TRUE,srsHo5KVSm,0,0,0,0,Inf,0
TRUE,suY3hTKNJNLZjx,0,0,0,0,Inf,0
TRUE,t5xCy,0,0,0,0,2021-06-05,1
TRUE,t6SxVNJQ7.P,0,0,0,0,Inf,0
TRUE,t6jE,0,0,0,0,Inf,0
TRUE,t77KEd-u+y9SXM,0,0,0,0,Inf,0
TRUE,t9kuv,0,0,0,0,2025-01-13,1
TRUE,tA,0,0,0,0,Inf,0
TRUE,tHZ,0,0,0,0,Inf,0
TRUE,tNec,0,0,0,0,Inf,0
TRUE,tSMhQw,0,0,0,0,Inf,0
TRUE,tShzEXxZhVtdTij,0,0,0,0,Inf,0
TRUE,tXDPpm3BZH,0,0,0,0,Inf,0
TRUE,t_y2e-_,0,0,0,0,Inf,0
TRUE,tar-1ws-1,0,0,0,0,Inf,0
TRUE,tpOSOfTsAuj4.0R,0,0,0,0,Inf,0
TRUE,tqgXG-ucn,0,0,0,0,Inf,0
TRUE,trbduY,0,0,0,0,Inf,0
TRUE,ts+,0,0,0,0,2024-07-29,1
TRUE,tv.MPV,0,0,0,0,Inf,0
TRUE,u,0,0,0,0,Inf,0
TRUE,u.OoUrv,0,0,0,0,Inf,0
TRUE,u.YTHt5F,0,0,0,0,Inf,0
TRUE,u09_vTmnL,0,0,0,0,Inf,0
TRUE,u13sf,0,0,0,0,2023-06-17,1
TRUE,u1DAGe6qS9UB,0,0,0,0,Inf,0
TRUE,uDlXsu0i3,0,0,0,0,Inf,0
TRUE,uE42WCa,0,0,0,0,Inf,0
TRUE,uFFSRfz26,0,0,0,0,Inf,0
TRUE,uHP3lhxNZeTWjgn,0,0,0,0,Inf,0
TRUE,uW,0,0,0,0,Inf,0
TRUE,uY4+QW9R,0,0,0,0,Inf,0
TRUE,uZLT-kzDR3Zfjda,0,0,0,0,Inf,0
TRUE,ufdiE,0,0,0,0,2023-02-07,1
TRUE,ugkbf,0,0,0,0,Inf,0
TRUE,uhXbIVSSIxT5PBA,0,0,0,0,Inf,0
TRUE,ulsfbhtbuka,0,0,0,0,Inf,0
TRUE,un,0,0,0,0,Inf,0
TRUE,urD6O,0,0,0,0,Inf,0
TRUE,urJCFDA0_9LA,0,0,0,0,Inf,0
TRUE,usUnM2PU,0,0,0,0,Inf,0
TRUE,usa.tpu8TGh8,0,0,0,0,Inf,0
TRUE,v,0,0,0,0,Inf,0
TRUE,v8D8,0,0,0,0,Inf,0
TRUE,v9zC5hJnmPi,0,0,0,0,Inf,0
TRUE,vGPxX+LFi,0,0,0,0,2024-02-01,1
TRUE,vGsrCN0wd-Xz9e,0,0,0,0,2021-01-03,1
TRUE,vKTD,0,0,0,0,Inf,0
TRUE,vOvl4,0,0,0,0,2022-09-22,1
TRUE,vQ5c0NfNA7vaB,0,0,0,0,Inf,0
TRUE,vS26eMq4icjB,0,0,0,0,2022-09-23,1
TRUE,vW4bXVWn,0,0,0,0,Inf,0
TRUE,v_lTH1B-yBQRsam,0,0,0,0,Inf,0
TRUE,vblJQg3w,0,0,0,0,Inf,0
TRUE,ve_0,0,0,0,0,Inf,0
TRUE,vjYDp9,0,0,0,0,Inf,0
TRUE,vlO,0,0,0,0,Inf,0
TRUE,vm,0,0,0,0,Inf,0
TRUE,vnnmyu07AoTtJ,0,0,0,0,Inf,0
TRUE,voOKD1UY,0,0,0,0,2023-11-06,1
TRUE,vqFrm,0,0,0,0,Inf,0
TRUE,vtYZm,0,0,0,0,Inf,0
TRUE,vwG,0,0,0,0,Inf,0
TRUE,vyPfuXH3HlW-cE,0,0,0,0,Inf,0
TRUE,w,0,0,0,0,Inf,0
TRUE,w2rs1rBy4-C2t,0,0,0,0,2020-12-10,1
TRUE,w9hG,0,0,0,0,Inf,0
TRUE,wDe5Eir8QLr,0,0,0,0,Inf,0
TRUE,wDpYhsa8ROUO,0,0,0,0,2021-04-24,1
TRUE,wDwcJP1eEWBn,0,0,0,0,Inf,0
TRUE,wG9mr5ypkE.,0,0,0,0,Inf,0
TRUE,wI,0,0,0,0,Inf,0
TRUE,wMBYVjHy,0,0,0,0,Inf,0
TRUE,wRzj_LM5,0,0,0,0,Inf,0
TRUE,wWWEKwO83f+,0,0,0,0,Inf,0
TRUE,wXxI-9TDHFgl,0,0,0,0,Inf,0
TRUE,wZO,0,0,0,0,Inf,0
TRUE,wa91Xddk,0,0,0,0,Inf,0
TRUE,wapauTR,0,0,0,0,Inf,0
TRUE,wcUk9JnQWVX,0,0,0,0,Inf,0
TRUE,wcWeVUdczrE,0,0,0,0,Inf,0
TRUE,wgPLP14J,0,0,0,0,Inf,0
TRUE,whXpBWgJP,0,0,0,0,Inf,0
TRUE,wm0CN+17Ji2OTB,0,0,0,0,Inf,0
TRUE,wp,0,0,0,0,Inf,0
TRUE,wqPICdxc.ez,0,0,0,0,Inf,0
TRUE,x+8K,0,0,0,0,Inf,0
TRUE,x-Ay,0,0,0,0,Inf,0
TRUE,x3BZA5zxH,0,0,0,0,Inf,0
TRUE,x41,0,0,0,0,2024-03-14,1
TRUE,x6,0,0,0,0,Inf,0
TRUE,x7H7JVfYzS+YtCD,0,0,0,0,Inf,0
TRUE,xBDt,0,0,0,0,Inf,0
TRUE,xa,0,0,0,0,Inf,0
TRUE,xa7mkOPo,0,0,0,0,Inf,0
TRUE,xc8,0,0,0,0,Inf,0
TRUE,xdOrmWROnTu,0,0,0,0,2025-01-18,1
TRUE,xfYA+qi6ni5-,0,0,0,0,Inf,0
TRUE,xhd-veIRduP,0,0,0,0,Inf,0
TRUE,xl,0,0,0,0,Inf,0
TRUE,xl6J.pFbdRqG.27,0,0,0,0,Inf,0
TRUE,xoO,0,0,0,0,Inf,0
TRUE,xuN.BQm8+GTJ,0,0,0,0,Inf,0
TRUE,xwZ,0,0,0,0,Inf,0
TRUE,y,0,0,0,0,Inf,0
TRUE,y+VEcZ,0,0,0,0,Inf,0
TRUE,y1HdCWZjHhc,0,0,0,0,Inf,0
TRUE,y1s9V,0,0,0,0,Inf,0
TRUE,y2lZb+X59iKrjw,0,0,0,0,Inf,0
TRUE,y4vNxpVExqpIPz,0,0,0,0,Inf,0
TRUE,yCP733k,0,0,0,0,Inf,0
TRUE,yEaIrp0mbI74vh,0,0,0,0,2025-03-05,1
TRUE,yG8037pqnYVA,0,0,0,0,Inf,0
TRUE,yL0MQPiGn4d,0,0,0,0,Inf,0
TRUE,yPSKp0WK4_,0,0,0,0,Inf,0
TRUE,yPy72Q9g_Tj.Z,0,0,0,0,Inf,0
TRUE,yRGjvgPlWAXeN+,0,0,0,0,Inf,0
TRUE,yfyG1eifOwh68o,0,0,0,0,Inf,0
TRUE,yhnmPoFPh,0,0,0,0,Inf,0
TRUE,ykC6OR,0,0,0,0,Inf,0
TRUE,ym2FfgK,0,0,0,0,Inf,0
TRUE,yn1O8goxQX,0,0,0,0,Inf,0
TRUE,yra,0,0,0,0,Inf,0
TRUE,yu3Y5aUgEtQJH,0,0,0,0,2023-01-03,1
TRUE,yuie,0,0,0,0,Inf,0
TRUE,z,0,0,0,0,Inf,0
TRUE,z-Sw7c3,0,0,0,0,Inf,0
TRUE,z304f4,0,0,0,0,Inf,0
TRUE,zCqyuLlt,0,0,0,0,Inf,0
TRUE,zOo3xChjYAeB,0,0,0,0,Inf,0
TRUE,zTbI,0,0,0,0,Inf,0
TRUE,zWCwuoRd,0,0,0,0,Inf,0
TRUE,zgtF,0,0,0,0,Inf,0
TRUE,zijfhxlJVsI,0,0,0,0,Inf,0
TRUE,zkpPWZdiz5d,0,0,0,0,Inf,0
TRUE,zlDuaD,0,0,0,0,Inf,0
TRUE,zn,0,0,0,0,Inf,0
TRUE,zq,0,0,0,0,Inf,0
TRUE,zqieUgh,0,0,0,0,Inf,0
TRUE,zse,0,0,0,0,Inf,0
TRUE,ztF,0,0,0,0,Inf,0
TRUE,zzwSKrxUK7Ry,0,0,0,0,Inf,0
