vax_product_raw,n
,180
+,0
++,0
++02PUp,0
++1JJ2,0
++VUMp.8aYYTHT,0
+2,0
+2MR0Mz7+W,0
+6ep5F_C+KjFWO,0
+7D.jB,0
+B_CTx4Inl.i_3l,0
+JFj5qB,0
+Kz2SM,0
+NR,0
+PKZVBWoS,0
+PZdGRp_1qR,0
+QtH+NVi,0
+Wl,0
+ZJ3Z7o,0
+d6Yup,0
+fZ.V1Mvi,0
+gf7sNbo5LjYN-,0
+gvm+DYIJ9,0
+jYd.AMu3fw0b,0
+knA9Wy,0
+lueOFe,0
+m7LcVpWq,0
+mZAO9ecQ3VW_nz,0
+n-IOr2VC_-_s,0
+nn6,0
+pQQb4t2h0,0
+qzv,0
+s,0
+uO.,0
+x9rky,0
+ybo-3,0
-,0
--DwYLK8+B,0
--uUrx+3MU.JhV,0
-0K1A88KOIafAzx,0
-0L.0JT,0
-5V,0
-8_lrL,0
-AKmsK,0
-AmfgSXJlJujQ,0
-D-Hjm,0
-EK,0
-HYP+0s5J+,0
-Ip7d1x_aJZg8Qu,0
-J5L7HHDrB,0
-K16zPZmBclfBJe,0
-MIPW,0
-MzdumdI,0
-OvDSz19uVwq8V,0
-OvpoT5DM-,0
-Pbl8.Tmp6t9n,0
-cVPWlqSfw1D,0
-dLupmm._+d8,0
-e1c,0
-fTq.kwovudrZ43,0
-gTscN51w,0
-hli,0
-iQzgym9a8GH,0
-iRMo7MD,0
-kw5yir_9,0
-mF4D,0
-phg,0
-qNXphQNC+,0
-tH6cgA5G23h9,0
-tnpezvPnIlQ2x,0
-twELXfa9oSPvY,0
-yiWN,0
-zA3fz,0
.,0
.-CLI,0
.1,0
.131PVFKZGlMWA4,0
.3L,0
.4g,0
.6,0
.6dV,0
.7oJtNyXKPzm,0
.98kMgMp0VdSq,0
.CRVEVaT,0
.D4M7dAccVCj,0
.DdpvOs7LXl,0
.FZND-XJc,0
.H,0
.MR,0
.O2bS9Y9qQFzxK,0
.RhKiRceS,0
.W9Xjmk0jDcxS16,0
.ZqY9N,0
.b0-4ksVIyb,0
.cace+NUcHz,0
.jT.raC,0
.lvM6smD.xdzo,0
.rtIAY1kY1Uqb,0
.shx,0
.t44QGlzcoC,0
.wQSdUXF,0
0,0
0++,0
0+w,0
0.CscQ,0
00W.,0
01Tmlxe_,0
02iWzvbyGH,0
03MOQuIooE0HH,0
05exd6W9d00,0
07YA6W0t,0
08,0
08-gX2Cvm6Y5QF,0
09Q7bw+OUI,0
0BdoTzGhD,0
0C7fSf,0
0C8J,0
0EIs5,0
0FOL,0
0GOkQiGXM,0
0HD3MEyATkLgom,0
0KnbulZ-,0
0LZSeg,0
0Lua1B_bBr,0
0MO2GPG0gQiQgw2,0
0RXqp1E0kUwAk5h,0
0TYyP4HCY2l,0
0UlS8N0,0
0VJrJnRcM+MVm,0
0e,0
0eMBWoe7dh6,0
0fBHaJBIIh7NA,0
0fDI8SZjEA,0
0gp0kxl+,0
0h,0
0hEb+Edur.50SL,0
0jG5u.j7s76P1WU,0
0jqtiIIAK,0
0o4aG,0
0qLXme7AxXV,0
0q_y5GZ,0
0qe1,0
0v0rY9,0
0yK.Sv2,0
1,0
1.4ZG2gRfr,0
1.njaZso,0
10mUEJCjuV9e.c,0
14hnRbjH,0
15bcnUBTC,0
1Ah3vfZHWXJJO,0
1Cwnr,0
1F3Nnlki-7.LFn,0
1F5cFQM3xe1es,0
1HPKGIPEYgbS,0
1II0GDSL2-,0
1KVL+8oL,0
1Lr7OMLT9,0
1Ms,0
1PB+Akh,0
1PVr6Q98.aPMwh,0
1S,0
1TKWY5zPcUeS26L,0
1U.hElN,0
1Y,0
1a,0
1axC1qqipFaLgGK,0
1ciWC3nr,0
1dk-V+zzTF,0
1fCc0D,0
1fNq,0
1gGCso2ak0-Le,0
1i1J000k,0
1r97,0
1ue6mvpJhgqJ,0
1wNY17wyjUKuSYq,0
1yE,0
2,0
2+,0
21i,0
2B7TWJAMSC0Y,0
2BhtPer,0
2DNR,0
2F0B1OeVeJBxo6,0
2HuO5pJSH9m3,0
2JwFCEJS9tgdaLN,0
2Kw9gYcUR,0
2P3XlZ715udC+,0
2Q,0
2QSgakB1yU,0
2X3,0
2Xciv,0
2XkJTo,0
2ZOga7.3qMW3,0
2bhrp2x4xfei40E,0
2eLa.qTd,0
2gx5kE-1TPoGZ,0
2jGVTpW,0
2mgHUfaKz52iuT.,0
2qtI7N,0
2sLoEb1j6B3h49b,0
2sQ_pSljL8wvZ,0
2tVP9nfnXjMOob6,0
2twGHFQAC,0
2v.MNnoXkZHGR-,0
2wJ,0
2zCsrFlxhY,0
3,0
3-Q00WCTD51y..2,0
3.YxsC_6mZdg,0
30zshcyAgXgz,0
36BwE0,0
3Bdi2UAQq8Jr,0
3C7kLwOQH7c,0
3EJ9bll4qP2,0
3EwH6TiWaHCe4Xq,0
3GzG3PlXdis9yIt,0
3IWG_,0
3LDQkk6kmd,0
3LGTNjoPWj,0
3LQc.yTBiUFa,0
3MAelFViW,0
3MHAiuBh,0
3Tvx2b,0
3V79SrgfO22,0
3W3Y,0
3Y,0
3Y9vC+g,0
3cnArTtcO,0
3dZ_szQ,0
3dxv,0
3l8LtftjE,0
3lqT-bd1mlSgxH5,0
3nOemUkk.qcW,0
3oZNaSZh.vJ9ijj,0
3oe1i,0
3onnjl76GBgY,0
3pAP2,0
3pKy6ZH5zdn7,0
3q,0
3qNUR,0
3qf,0
3tqfbY,0
3wnkfMeCZ,0
3xMgdt,0
3yeDD,0
4,0
4-qz5LZ,0
40crCCHk5d0cIc,0
41waXThSJt95LP,0
42wT9+CL,0
436kQkLDq3X,0
4As_BjmHBlxh7Z,0
4C,0
4DVMpF0o,0
4E,0
4EtOcPc,0
4GPrcr,0
4H,0
4JXDBd,0
4JoWVUkYA6nSrD0,0
4M,0
4Mh6d6z+_,0
4P8HV7,0
4PC-s,0
4Un6mE,0
4_6j+d-ddGDlYr+,0
4_EVpoVrYZUn,0
4f,0
4j-jvQ,0
4jbFxXuaI2mQ,0
4k3l+jzA,0
4kFPyDfVYISk,0
4kz,0
4l5,0
4mDzkj_,0
4mOGwmcXpf-zk_L,0
4md,0
4oXk,0
4onhXLygmi22,0
4sjb-sXp+v.e,0
4vGEMiO,0
4x,0
5,0
5-TTtXBSUk8,0
50oKDXbY5+wd,0
51u9zxt_wU,0
52flV,0
552SXrXx3fG,0
55TUmMyJfCb,0
55uOJgUbOeNuFTn,0
5B0,0
5BrCB7mbtkL,0
5CaiGspyENIx,0
5INdb_hHaX59A,0
5KbuyDhesmSo,0
5Kighg+cBfsH5b,0
5NphDqcPlLBH4m7,0
5OlgvvKst5uE,0
5QEa6HfBYGq5oF,0
5R.jgvsB3HJDqC,0
5UyTf6,0
5VA9j.VDNLEr,0
5WdeFCN,0
5ZG,0
5a4v7p,0
5dUd69k,0
5gHiGL6Nt7wjS,0
5hLOQ27A,0
5j7l-Ik,0
5j9SmKle,0
5jCF1o,0
5jLxZhm8c,0
5kUcbI,0
5nQQea+M,0
5oUsAb7K,0
5t1qN-,0
5t3O-CD,0
5tl1,0
5uEC1u-sRR,0
5uq+lbjvP7h+,0
5v,0
5vWkkqb7yLXCy,0
6-nwhp79Ghcrtp,0
6-uY5XEA,0
603URZmzy9zoVa,0
66MFJ,0
69Y.Z7XunvFTQ+n,0
6C+5voX5,0
6E7IEckNd4Z,0
6HEi4EICXd4,0
6S9YSDopk.4SV,0
6VX1eL+sg,0
6Xn,0
6aE3sqn8mXy,0
6b.Fb3LAFRZy6,0
6cGLjUuX38z,0
6eP2RT,0
6fFfoKZPxoJ,0
6hszffscF,0
6iC,0
6jaGY,0
6lEzk,0
6mWDog6U6e,0
6pb5XfKYt_MqUY.,0
6tx64VPFz,0
6un8u,0
6uy5idf_2cge,0
6zbtz_nT_,0
7,0
7-x1_b,0
70,0
70MYuURbp3X,0
71MIWfiTwR,0
71PidUK01_GpfU,0
72Z2,0
72k7D-urH,0
74Fdn3,0
75Cr+oQjXm,0
75aA-paR,0
77segYbk,0
79gBQFjqCMtA,0
7BT5TV83uNcbS,0
7Cst,0
7D,0
7DNzw0vp+,0
7DTDR-,0
7E.,0
7GOfn+,0
7HLZE,0
7Hio6i,0
7HnKg1x2yAwd,0
7ITb,0
7KbQ4gGAFZAZ,0
7MMCt.DI1vyw,0
7OwAvKmjC-k.,0
7Po,0
7Q,0
7Qf,0
7St,0
7V,0
7W46,0
7W9dJJ,0
7Z5,0
7cdm5SiJ24kX,0
7dD,0
7gguEsMeo,0
7goZ64,0
7iSsSMMAGSBQyLH,0
7ioAgTYFjx,0
7n,0
7pE-1ZjD4,0
7quQqb5PG3zKOG,0
7sKSVcfpi4,0
7vPZldqnq3g,0
7y1oFHpWTZcqBF,0
8,0
8.h5j9_tCuII4,0
81_sTKOA,0
82FST,0
83Gp8Ij,0
83yW7C,0
84UEjfc_,0
8BeuFnKXCPC,0
8FVcrDqt64Er,0
8ICEya,0
8K9rr7Aq,0
8X7q,0
8Z6r7vLj,0
8ZMPfrE09IK4O,0
8__Az2_Sk,0
8_gVT5M-zpKfms,0
8dMNbswb,0
8erBc37R.73,0
8fOE5,0
8f_,0
8hgPvOlUA5T,0
8hnqtIwy,0
8i9yzFK-wtSioA,0
8km6lZxXUqQex_r,0
8mRh-C2lAENae,0
8o.DzsPF,0
8r3,0
8rHB38-eb_6k_,0
8s,0
8y,0
9,0
9+,0
9-wo8,0
91,0
91NlTvz,0
91W-eAMs9Jol41,0
949v-hHlvfLm,0
959Wbkvhu7M,0
97JbS_FdYWRr,0
98Vlk,0
9Fh,0
9Gh56+msz4zJO3b,0
9I1a4F,0
9JxDw,0
9LHL1IDg-z1IrRO,0
9Lm2u4x,0
9MI0NOS1-0,0
9MXrHmWb,0
9U,0
9XAZ95n_g_,0
9X_,0
9YvjudCWwC,0
9a,0
9a-zLnt6UxaPsgb,0
9bKj2AAiMZAz,0
9gYsJJ,0
9hezks0Za9i2,0
9i2+8MjA7,0
9iyixTMM,0
9lIvqw.mZfzo1q.,0
9t+G43l5KdItg,0
9wmtM_,0
9xD8_OkL1YXkY,0
9y,0
A,0
A3OkRkQEc+,0
A4,0
A4U978,0
AAguhjQ.yOqAa,0
AAqzc,0
AIEqvCDdGITWkpg,0
AJ0Z_lHcOoR,0
AJtV1,0
ALoWtK,0
AM,0
AO,0
AOsfDUeL.fKm,0
APfL,0
AS,0
AUw081Wyz,0
AY52n-bbWXWOs_u,0
A_7unOS,0
AbQh7WlpOD,0
Ad0oVDMT,0
Ad9299Yah,0
AexaCbphfy8Db,0
Ag.Jw3o,0
Aj5D_buF,0
Ak,0
AkhxIq69aga2O,0
An,0
Apiqu,0
As,0
AsD59_VKOeAtm_9,0
Au,0
Az1ngfWKfhj+fr1,0
AzZT,0
B,0
B0frPD,0
B2h9,0
B3kSyuv5nUBFUf,0
B7,0
B7GC5WCc,0
B8Oh+zl,0
BC,0
BErVeuXBt,0
BGnvm0XjE2u,0
BM.4c6jHcx,0
BQupBDcv,0
BTJs7K-D1.7,0
BW75Raiq,0
BWCyrfAnRQFMOpX,0
BY3EvdcF.K7.Tgg,0
BZo,0
Ba8J+2E+,0
BaNnq9-bV,0
BbLz0PO,0
Bc,0
Bc33M9K7crc4,0
Bfn,0
BhtNBANvan,0
Bmjvnp,0
Bn,0
BovvFz4nPJQ,0
Br0dxek0q9r,0
Bu,0
Bu3r+cq+W,0
BuC7RNVWTV7,0
BuTNtYX8F,0
BxDLiD-ntSFXKhY,0
BzBq0YrqC_P1,0
C,0
C00fCfaiWv-r-xg,0
C2-UAg_ivpo4QyZ,0
C5VCFPBv,0
CA,0
CAtG-DiS,0
CB-htmMMiK79,0
CDS.kobkxhw6AP,0
CE+C3MK6CB0k,0
CJXE4E,0
CM,0
CZfKCNA47VBKgj4,0
CZq,0
C_,0
Ca7fmJkn2,0
CbD0iPjmek,0
Cdl._,0
CezllATDSRoDV,0
Ch8,0
CiCBg7ybDF+CZ,0
Ck29K,0
CkOkmEonA4,0
Cl68lDlmPVB,0
Co,0
Cpz,0
CqzEYFIIL,0
CrEH7OvscB,0
CsiL,0
CsnXu6jkvnV,0
CtB.v-672h,0
Ctc6tvZZr,0
CvIpi-TmNy,0
Cvyj1U3cd,0
CwUI88MnI7HECI,0
D,0
D-DcuxdvE,0
D.1W6uT9EVoR3P,0
D1DGxPfph.L6tnR,0
D3i,0
D5A5D.AfkWA10,0
D6K5dyUwIWC9,0
D7,0
D9KCYh,0
DFiM4FOD,0
DFxYK3oSd2LA7,0
DJ,0
DNYeO,0
DOsxQMV,0
DQt3ruHTI0,0
DR4,0
DSiCtldug,0
DTutImUoiYy,0
DW7,0
DY5Ps-7e4I,0
DYIPW,0
DYXhpK8Kvtm1,0
DZSBvJ,0
DbfjKc,0
DeLLk1je2llS,0
DeOKx4JAaVfqJf,0
Df.Uan7Cv7aurg5,0
Dg0f+sizVL8,0
DjH.Z,0
Djaa7KjILSttNIJ,0
DrLs.gEx6,0
DuCyqeQ2D75,0
Dv-gsDBjv-1oy1,0
Dw3vKN_YuGrB1w,0
DyQ7SrHS3X,0
DzVDWX41aOSVA,0
E,0
E..sHZNkMlC,0
E0_Z4,0
E2hhnCI8.,0
E5qgM9,0
E6,0
E7M5MAz3WDU9J,0
E8P9MK0YAU8j,0
EBtu8q-8Q,0
EM67o+XKn3o,0
EMFTfn,0
ENUBzZRjU7j,0
EO.V,0
EQ,0
EQJAr11Ln4,0
E_,0
EbSe8,0
EbczEiJHn-Xx,0
Ebi8,0
Edw3,0
EfP3VZpFjy1ImS,0
ElONVqiCQQ2,0
EmP.I7TL,0
EuW1ZVjd0,0
ExKR+,0
ExMj68+Paaz,0
F,0
F.kTLXq,0
F0PoJe4zuyRhZ8,0
F9PWcCe.-AF0PdV,0
FB1IZTtNVb,0
FDSbKWaDq,0
FGduZr-Sm9y8W9I,0
FIafcq,0
FK,0
FKb3GPQ,0
FKfmOO,0
FKtpdUPop_WIC3,0
FPwT-vs3yNPF,0
FTW+,0
FU,0
FXhi5vyvgu,0
FXkK,0
Fal,0
Fb,0
FeJc,0
FgZUWpKZVW3.u,0
FgcFyL-r,0
Fhkn,0
FkNYGQ6k9xo6aJx,0
Flhc9iiCmRtt,0
Flvw1c7Q0.SLQ,0
FmC,0
FotnBtuFEQs8Ib,0
Fp3zgS1,0
FpuPP,0
Fv5UcNmRqKX3,0
G,0
G+JCwn3WK,0
G+UKZUNC0,0
G0aKqZErEV83_G,0
G1kg,0
G2bcdwtjqWh17,0
G4JReLbO5,0
G4VNsb2q-pv,0
G4XoY+Piui_+9,0
G50Mr.b_Wgaa3Q,0
G7JqsOg,0
G9Pfg+ZLb-0t,0
GAShLcEMaNdNRd4,0
GDK9P3YyJjN,0
GDd,0
GFs06,0
GGLlae5D-Hn,0
GIb.8hP,0
GJnK,0
GJs5,0
GPn4yNqXrAk,0
GRV,0
GRm0K9PwdzIEC,0
GTeLorTnAQIo5n,0
GV_U39Fp0f,0
GVqdKchuw001TZ,0
GXVh_b+biFit,0
GcV2YEAfxLYXMz,0
GfcHkTN,0
Ggz1VbrkO_sUlb,0
GhEiJ937vIUpb,0
GkJrw,0
Gns-8nZt,0
GuzOnU,0
GxGgm9,0
Gx_By9vOQ,0
Gy,0
GywPHqVP,0
H,0
H+,0
H+KFS,0
H18.3H5xs,0
H23n8oO-,0
H5,0
H6VObLE,0
H7,0
H7h,0
H8ZNQoU,0
HArtxW1AWOoq1j,0
HBHq,0
HE0wtXtyZYaISEF,0
HEtnr6INlt9i,0
HG17C9B1Mspq,0
HGm.lCi,0
HGtQVC,0
HI_F,0
HMNXd,0
HOWJ9wuQumpg,0
HOptraJo9qP,0
HQPnSLuSYWcijR,0
HWW55xS13hU6,0
HYMvFA3UO,0
H_,0
H_nhv6uhlw3X5lW,0
Hahb,0
HbIezeaO9QXW9,0
HfNmTaX,0
HgoZtNiTnfZGhoq,0
Hh,0
HjH0JlT1,0
Hjrv2tG7,0
Hl9.pT4Mllkh,0
Hp,0
Hrquspa_G,0
HvHL2iBnynqKL5,0
HwO1CT,0
HxuWR2fOmPrO2,0
HyUFsy,0
Hzzdiz,0
I,0
I-JRw.Yir,0
I.FUGN6ou,0
I0F3NdWKAf+i,0
I2Ppv7TU+Uaw,0
I2ph,0
I46RKwLDzSiLkQ,0
I4gELApFD4rNqS,0
I5,0
I5KEVuYVRnv,0
I6V26Dv0,0
I76HdIL__,0
IB,0
IEeycp8kJLa2p,0
IIliVxp1,0
ILQXpNX89HOeW,0
INsVBQhRSl+MR,0
IRUa0q,0
ISy1p4D.Z,0
ITL9mrloTBrfJ,0
IXDuw,0
IXFW5SlII+s-cB,0
I_78OJRqXXlwXw,0
I_gPjfLq5x-00K4,0
IaUiV8vnj7mndE,0
IdOLHlgG6CZ,0
Iduamz,0
IgP+l,0
Iho12M,0
IlJtqSjIEFO0V,0
Im,0
InQ-Oq-R75G,0
Ir1YTycJwTx,0
It,0
IxXLruc,0
IygP_dMsDqsVRT0,0
J,0
J-,0
J0QjEE+V,0
J0w-WNHqm,0
J1CJsW1HvjOR_aG,0
J3-nMafMlc,0
J6Ar-,0
JB,0
JDINh,0
JFN,0
JH.-MR,0
JLROYcG3Ofv4bA,0
JM,0
JNlnATvxoop06Z,0
JQbcgFtt.++zDH,0
JTNRK,0
JTabP9c,0
JV,0
JWeuly+Hq,0
Ja0cr9Y,0
Jdnfa_f,0
JeiAIG,0
Jit,0
Jje+K4zA,0
Jky,0
Jmm2M8rprH8Qv,0
JrOTa.fW,0
JrS-BSh84z,0
JsL5G1eDReXLpZ,0
Juy1VEcm,0
Jvi1C74XSIPimt9,0
Jy-zvhmhw7xL2XD,0
Jz9CuKQJYyvmMy,0
Jz_JcrOGaM3k,0
K,0
K-YfyPKKZBHqE,0
K0x4pIU1qe0fpjU,0
K1d.wkar49WC,0
K3fDPCTgMns,0
KAECfOUQy,0
KAP5I1qXfcNMeNd,0
KEBNQgR,0
KG,0
KH6.a.fStrdeU,0
KKMW3d2J46t8,0
KPl,0
KQ1xcaU,0
KW5t,0
K_08sL,0
K_igTLPKBfxY,0
KaoWX6rEt,0
Kaxt5Fw8Gyn-Vh.,0
KiipKcvZkiN,0
Km6vy,0
KpXtlocB,0
KvE,0
KxlIl18dvker6A,0
L,0
L.P2QDze,0
L0w3JJ2LmFi,0
L6tK6,0
L749BZ03D,0
L8OuGhFQ6,0
L9lZ0MuK,0
LA.Tq1TQb.,0
LA7,0
LAXJjMnbxA,0
LB-WPGMFHfcEe,0
LBObo08L5,0
LBel,0
LC_zTH,0
LFgbihz-EIq+,0
LFqDS1A82FGnuy,0
LFxLNebjvXl0h-,0
LO+FxT2,0
LRMAgp,0
LW,0
LYERoO,0
LcC.p3XV6dAPqK,0
Le,0
Lf,0
LgXoDGk+wTunLB,0
LgyiR46.8wUX0t3,0
Lim73TdQ2gqgWXQ,0
LjG980tJuC,0
Lk3,0
Ll-,0
LmH3hBVWG8XoI+,0
LpLFml0ecLQoC,0
Lqih,0
LrOaXiey,0
LtXQ7,0
LuYU6fVQpdUU,0
LxcAuF3lW,0
Lyml,0
LyqFs3dHouzT3,0
M,0
M-3t8DsHn9b6B,0
M..,0
M1I,0
M6fFP.,0
MAYdh54.91Pdy6,0
MAe44o655GSt-,0
MCqkKm8Xs,0
MDB,0
ME0i9x,0
MENt43y,0
MErEp_zDwAlra,0
MHTTwnDmiVi,0
ML6.M8X,0
MOpTAeIs8ElE,0
MP6vWN0,0
MQ5,0
MQ6i,0
MQ7-cKoIkNS2,0
MVmh2mu+8,0
MYJTk33,0
MYn1BOKs,0
M_RUcq_tIy.2UD,0
M_wACYmn.Nm,0
MaTWOJt4BK6,0
MafAWX6LLu82,0
Mi8JLonZ,0
Mm0BQsbb_QlU,0
MndK+8EIERvL,0
Mnk-hGHRbpIxkV,0
MoYZjBO-E,0
MpcwoQgTpJ0,0
Mu.F,0
Mv7mlCDZMOKUhn,0
MvL9v6nHr7q.bDw,0
Mx9+ERlKo,0
Mz2_GzB.yM,0
N,0
N+X4NM0zZ,0
N+wFa1,0
N-0zAT0aBAWd,0
N-F42U0J,0
N0+Pi,0
N4PhoN6Me6iG-80,0
N6,0
N7Rr1r,0
N7npXrX,0
N8,0
N9UQW_.S,0
NA-9Mzj9rPKQGul,0
NA1rx,0
NGv,0
NHNavILyOIr5b,0
NN,0
NPGJTzvc,0
NQ8jdMItXpyem,0
NR,0
NULL,0
NUha,0
NVL,0
NVOn7iNX_WJu,0
NbCDK,0
NcE,0
NdzVWdPSQDJLtD,0
NfF_13Ra2sBar,0
NhObOoibciW,0
NiIY6,0
Nl,0
NlAtsY,0
Ns_L8ZL-0+fd9rk,0
Nt-PFERIZ,0
NtTj.,0
NuBB40muVtc,0
Nv+So1,0
NvAZH,0
Nxr-6L6JGZgbFJ,0
O,0
O+6D,0
O.Fg,0
O2tW.PlgJqjJk,0
O4iZZ00,0
OB,0
OBMGRq,0
OCSRMlG,0
OL,0
OLnvjn1OV+Q4-O,0
OM,0
OV7aF,0
O_Y9,0
OdMgcrGze,0
Oh-XR2+YbRsv,0
Oi_2h5MwONf8HN,0
Ok+q-9oFhbBXCE,0
Oov5psYq8hE,0
Opbur,0
Opgxwz65P8fS,0
Oq,0
OsZhKQptbi-.,0
Oso0n,0
Ou4xJ,0
Ouy1,0
OwXSGoJo,0
P,10
P-3Sog1s2,0
P-8D76,0
P-Z+_.FujhBW7,0
P-tPHG1j_S2,0
P-xl21PmnqEZ,0
P3GmWyN,0
P3q_+GBi68Wlj,0
P53I1tBUZ,0
P5nM,0
P6c,0
P6e.Hwxyz70EGfD,0
P73,0
P79dh0-L1s7mWYx,0
P7NEQtTug,0
P8.-q1dZxL,0
P89fWTG0,0
P8WMbeP6Zd,0
P8d,0
P9JSSAmOrC1BO,0
P9pG3jbwlQQYEjt,0
PA+,0
PCeLS2wPF2z,0
PD28jf4W6C5,0
PFrb-WHpY-lX6J,0
PI,0
PJ_2pv_n5ql-lI,0
PJm+jMdj5,0
PKgrvxafOJ3ewH,0
PMD,0
POB,0
POfdKEc0eprT,0
PP,0
PQA,0
PUek.LtV4.+CQFJ,0
PWIf4tgiPPLC04,0
PX,0
PbOH2I0.DxtufzY,0
Pcfysd,0
PfYd8,0
PhQb614,0
PhT,0
Pi2,0
PkF+G+TuopIC,0
PlAuChdS,0
PqY,0
Pqhx9uFZQ,0
Pr2XlV7CJWS,0
PwlaPa,0
Px1s-WXq1wMT,0
PyS4pydGa,0
PybZ,0
PzuXRe_U,0
Q,0
Q+tagOFOQY-jSF,0
Q-sg,0
Q-sz,0
Q-y2,0
Q.Tc3yqQ1gf,0
Q.YhU9bxUnD,0
Q0QbmhwD3q,0
Q1Kjjx7jyTeMCf,0
Q2w6KQjFSiU,0
Q5yo,0
Q6Wtyb,0
QH06lZXbWljnq,0
QKVk1h4yKhcG,0
QLk,0
QMyB,0
QPd62j,0
QRU9+O,0
QT,0
QWo_bYv,0
QZy,0
QdxbHE5,0
QfPy3eti,0
QfYsJ+6D7-C,0
QgH1WFg.W9M5Hck,0
Qgz2as,0
QhtqlGqm,0
Qju60pZxiHT,0
QkE9BBv4Y3,0
Ql,0
QlI7C,0
QsugY,0
QtkV2W0qNOP,0
Qu7C,0
Qv,0
QwH5LDW9M5fEy,0
Qy+6Fqao6298GuZ,0
QzcwvYG,0
R,0
R00R,0
R2y9K2,0
R3.25D3k9p6sWKp,0
R3nDqVT,0
R5,0
R8HTuTg7_z-,0
R8OWA4Ob,0
R9z+0y89qL8J9hh,0
RAGhEyyHG,0
RBCLMj7XqsrA,0
RBcWSfB3IWiZNSl,0
RBwkHAK0e,0
RC5LudrzyRi,0
RHGTb_rVH,0
RI9r,0
RN8dxrDt3TF6,0
RS7aVk,0
RT6ixQs_uWPJs5D,0
RWLP4r2McMeFVOp,0
Ra.Y0Zazu6CNKGg,0
RiDPbD,0
RiJg4oe,0
RjfDMgdV,0
Rkboed2hmrln,0
RnS6Qu4GMw21,0
RsfKdzlA1n0,0
RtaxaZ1avprD,0
RuQhAsaq3,0
RvJSlDFEQUE,0
S,0
S+,0
S+f,0
S-TGl4+i2rg,0
S.Jq,0
S2BlY0_+P,0
S4.lBivXbiM,0
S6J1ECBMKw.7n3E,0
S7Vm,0
SAgz9mDpf,0
SBNOCgnGS,0
SBj,0
SDi,0
SFxiSb.rP0HO1t-,0
SGYc,0
SJmqm1mDoNu_l,0
SM4c2LGCMWSFD3,0
SMFheZyaPL,0
SOIJ6_ASM,0
SP5kM7lfnI5,0
SQgv,0
SU.klfRwQ3ir,0
SUji,0
SWvWc+VXGj,0
SZVGCR2eYF,0
S_AGl2C,0
S_Yh2U6teZ8hAZ,0
Sc3Y4d3Xd6d,0
Scqo+,0
Seh8lQzE5mI,0
SemAxq,0
SgvOgp+,0
SjIH-7hikD+,0
Stl-rIE.BzWT32,0
StztBS77U,0
SuQekCL,0
SvK,0
SxZ_ExXtEhMZ,0
T,0
T-GuJ8IL,0
T345,0
TC1vj5pKc+,0
TCENWor7HN5qM.,0
TCjBFDeQ,0
TF23.SQhb3GT+Ke,0
TGSMEr4fm,0
TH,0
TJb,0
TL7TnJ,0
TLszCw2Rcp,0
TMIJV,0
TN,0
TOwPah,0
TQGmg3cl,0
TQsZ2XD,0
TQz.4u,0
TSIlb,0
TSQ5MBbJrh,0
TSZ3xtHXHX,0
TZ+,0
TaBIfoOh,0
TapIF8DNr4yUgK,0
Tb5r5Q,0
Tfb0zWJ,0
Tfv7,0
Tg9Om_a-Fy_NIQ,0
ThNvYrQ+qKa,0
Tj1kkXw5n,0
TldRwx6jrQd,0
To4srjGSY,0
Tpz.Ov.dT0aD9,0
TsEBrYt33K,0
TxC8fnw,0
TxMysfe.oZ1s0,0
TzEa-QRhhHw3a,0
U,0
U1SL.UUQN,0
U2YyNiPNJd+,0
U3-LgiCYyv,0
U4cbF9,0
UBS,0
UFO2SOg,0
UI,0
UIn+tkqC,0
UJ8zPJVKdym,0
UKVW9qUmbYk,0
UKwA,0
ULLN+PFx-I.PI,0
UMwZJ1ChA,0
UNnLwTi-w8,0
URjlm+Cy,0
US,0
UTh,0
UUe14C20m,0
UWfPnszqrR,0
UYtsIZ,0
UZhj,0
U_-vxJJ8M4CoM,0
UhEgArK,0
UinXY.Ih.7Pc,0
Ul,0
Us,0
UtPOaDqLN,0
UveY4QfcCj3Un,0
Uvia4,0
UyLnzg,0
V,10
V1m,0
V3W,0
V3kZdN8HcZvEw9a,0
V3xANXs,0
V9,0
VA4pkY4,0
VB-QD-Z,0
VEAbPtwrH,0
VHH.PY4RGug,0
VI-IEhXXFZrn1yy,0
VKeY2QG1KXt,0
VP0B6PS_,0
VTS,0
VWQZkMk,0
VXmN,0
VZ5,0
V_._YYJVmEAD,0
V_0WIZ+2TM6,0
Vco0TUl2M,0
VlIfU9F7CZuSz,0
VmA5R-9,0
Vp.mVmKd,0
Vp7v-Gy3do,0
VpM0WSx5,0
VsLRShoDv,0
Vv8tK88RE,0
VvP1,0
Vx7vWYCK,0
VxC3,0
VxZQAqC,0
W,0
W+pTuv25,0
W162c6SN,0
W3DXjQWJgTsPB,0
W3Kyb2N94ST,0
W3mXKDioP_ok,0
W6ucG4,0
WA0O2kz,0
WD2U3RRGfF,0
WDsKSEeMmtu9a,0
WGwtUM_IXO-rLTm,0
WIVldbRJ6Weh,0
WJ4RyJdY,0
WKezp-aO0FjO6kj,0
WLg3geYG+G1,0
WMwM3ThlJ,0
WNOke,0
WNjpvD,0
WPefXwbdRr,0
WUJSi-w38Tz5,0
WUyz1,0
WVDE,0
WX-DLPn9y4IIiv,0
W__GAu,0
WbDw,0
WbE,0
WchTmDp5.Q,0
WfQta-K2NyLD+,0
Wf_,0
WfqGvVPbu,0
WguYtdWz,0
WhadQxV,0
Wi9tks.l,0
WicX_CSlM2L,0
Wj6dpTKt+3SUG_x,0
WkmEa7cnS41,0
Wn0RNgsD,0
WpVLGi8ZnOpYmJN,0
Wq0I-ke,0
Wq_Q1fO,0
WtQ3oW,0
Wv,0
X,0
X-8ID,0
X1zg,0
X4M6Ok,0
X5,0
X5N1dmg.V,0
X5lxOln6WPQZ-,0
X8csVFtKlXjYL.9,0
XBi+SBXfwjoS,0
XFEXlUu,0
XFrUJ_XFPuSY,0
XGfxI5Z5-Hpq,0
XH-hyr-+fJ,0
XHGZnLo8WsF,0
XNVzAT2sGDN,0
XO,0
XPKlSi0ncC,0
XPoKPHM.o+-,0
XRgG5xydnUGVH,0
XUV8,0
XW,0
XWMqUfEM,0
XY5Cxg9rVEd-4Go,0
X_RQCX4sDc_vd,0
X_VRT,0
XdX,0
Xe,0
Xo,0
XoEOad8Shhb8,0
Xry_FfYBbuE1m0,0
Xs4,0
XtUCg.G,0
XzKUKAt_7+6Lw,0
XzfPO+Nsb5t2GAE,0
Y,10
Y.entsavgZ,0
Y1sAsp.q4s,0
Y6QEBkAr7,0
Y6bd8zUy.Uhk9FU,0
Y7KkV5nnsN,0
Y8uz-NY,0
YA-X+x5P,0
YAK,0
YDv,0
YEBi8qkb,0
YFp4AUuuMf,0
YHBrkkL7h,0
YMqOjVR,0
YNZTRghgr9M3-,0
YOUgLyw8TuP,0
YQAi3,0
YRhQapAVNu,0
YTirLD9ETlorD0,0
YUZ+mecU2BACH,0
YVaC+V,0
YVg2r,0
YVwWHK1KT,0
YYfQFh-R.3tEDM,0
YaK,0
YdfwQYQSnw,0
Ye,0
YeKE8ZB,0
Yh9C,0
Yl8TTGA,0
YlQ6asD,0
Yo-iUZ,0
YpQY1IGW6pkrX_Y,0
YvR,0
Yvpt,0
Ywvwnl86n,0
Z,0
Z+C6gB-+pD4s,0
Z.4DEMemr8AxY_,0
Z0WIIE62Se,0
Z23AOZqI,0
Z4Rce464yYKUQj,0
Z7q9hcmNQ,0
Z9.2RU3n9X,0
ZAbB.0tD,0
ZD2rg6nuTk,0
ZEPtqhoj._L,0
ZFntJA,0
ZFq5+YVd,0
ZGB-S9zX+FMz,0
ZGerVW,0
ZOoyHX5f,0
ZPPopHzC0ajXCEN,0
ZTCEWn,0
ZWWiY2buR3FfGX,0
ZX73lFqGVk9f,0
ZY5xs4O5YY4,0
ZZec,0
Z_3dnmn7l,0
Z_N5+KkteyN,0
Zctqtgk-88L,0
Zh-pYvPq,0
ZiQu,0
Zib,0
ZkJO_C61,0
ZkSnUmncsijv,0
Zlc,0
Zmj9,0
Zq,0
ZqN8LXCTvnu1QN,0
Zxa7MaIr0AF.Of,0
_,0
_+H761Pm4,0
_.dN,0
_.kt7lFxF,0
_0Z1P+57RqFWnVt,0
_4IW7,0
_4n2.rTXau4,0
_5nS.N,0
_9BdOwDo,0
_9IvpfTpOHt2W,0
_A,0
_BW6-m5E,0
_BiwdlJs,0
_CyxcjLed,0
_Dh13_R,0
_E,0
_J.pqL-_3C4rss_,0
_JV1Yw-U,0
_K.lpNnNp,0
_KA3+mc.S,0
_KblBudYA,0
_Pd,0
_Trxe0,0
_Vaa8wNi.2zKYb,0
_Vz,0
_Z5A4SW5YRdG,0
_a,0
_aPVXw-.9,0
_bgvCb2E+j6mxu5,0
_c,0
_cH,0
_d1+Hoj5W,0
_eZEjwjh_35E7D1,0
_fQFr8sSslp2PNm,0
_fyXQ,0
_he2,0
_lDoIIAgvmAdRK,0
_mZ95X3lWL7LV9,0
_nC7,0
_pvsQ+X8,0
_tgs,0
_u_C,0
_v1eJHB,0
_vPKBQDsbnBF,0
a,0
a-Yr+3oNM+,0
a.,0
a1,0
a12idQUFjRQ,0
a1_6-ysVmh4bzk5,0
a3pD1D9xeh_6l,0
a4,0
a48CnUCwIzRiqph,0
a4tAm,0
a5iGNp0LYWA,0
a5zOjO,0
a8FK+TJIdg8uFkC,0
a8PTi-NWe68sT,0
a9,0
a9TTMieNGyvYx,0
a9VhrSjFjiP5WU,0
aD,0
aGbtd6P,0
aGnhC7DOK1,0
aIDhdWAv,0
aIdu,0
aPwprd-neo,0
aT-pTXE0TUw,0
aV,0
aVZYw2wy6jbip,0
aW3NjS,0
aZhj_ll,0
a_5v9R,0
a_aD.wi2,0
ac,0
ac1d.dRWaVwcL0,0
aey47mb-,0
aiTnbuN,0
akIzIpRuaiaVDI,0
aliQCN_+qd+t,0
aljrL,0
aohUff,0
aqDJgp,0
aq_o,0
ar,0
arJu,0
aufa-C_P_vY,0
ayVM,0
azCp7OUL5SO,0
azF,0
b,0
b+,0
b+Wx,0
b2Wf1FZCBe71,0
b3oC+Clp+Gn1,0
b4,0
b5ZnK7,0
b8Vf,0
bAHmqw_D,0
bAU8vNSw4-yDRO5,0
bA_j9CoDQB7cmG7,0
bArO,0
bBrtaFkPshO6,0
bCN-j7vsBkNWq-8,0
bDqtYT7D,0
bEySZnfdt,0
bFqrkb-Z0,0
bJMbzAfSE,0
bK25DE9AmQfzHB,0
bL,0
bLC0x-WuST.,0
bMgbt-ry3Ceh,0
bORu3,0
bP3nQtm40BxeU,0
bQlI8ffFRbV,0
bRo,0
bYEsU7E,0
bZWQ2IfYM,0
bc,0
bhB4lu4qt,0
biN-.6aj46o5C.,0
bihizq.H,0
bj,0
bj5dHl4m,0
bkIQX,0
blQstCuBR,0
bmSN6afJyK,0
bo,0
boOuCgn1XP.XO,0
bp_wL7,0
bppp-dNCI3cv,0
bqrGAn,0
bsIcd0tMy,0
bu71GqaQIxIhAU,0
bvy,0
bwwxL,0
bxIT,0
bzB+xIZ45uN38v,0
c,0
c.y6OmDjeqmp,0
c0Ma,0
c4J-Mfxt4UT,0
c4mCH5gTNuKPEtF,0
c7xU,0
c8jI.j8w1Ee,0
cHn2.6,0
cI,0
cIb,0
cJTLSU4YZuYnhAX,0
cK,0
cKl3+x8,0
cLJGMBE,0
cLf,0
cQYu8qQA-sgy,0
cW.YGlOHubFNfPB,0
cad8_pH,0
ccC+Ew2xrw,0
ccUI-DeIl,0
cckDVo9AAV+va2D,0
ceZE0PA4o,0
cjZes,0
cu7a,0
cul,0
cwYQg,0
cy77kUY,0
czS3aH04iyHMUVY,0
d,0
d-F0Y-Zz9Q,0
d.oH6OGYdTvFlSp,0
d40qTreDse3,0
d5k,0
d5s0bFWwUcZRr,0
d6ZpRfThD,0
d7+kovV,0
d7UCokYx,0
dBQKV7,0
dC,0
dE8HrJ,0
dEMsELfWj_,0
dEat,0
dHQkZcU,0
dKGoKTcJqWrCZ.N,0
dL,0
dMrsdIJfscFGcW-,0
dPUdR-n8xFwY,0
dREZ.u33vNrk5v,0
dRsMH4BVglvd71,0
dY4n6XQ3xzpfOI,0
dZQ,0
d_lp,0
db.q,0
ddURyZl74,0
dgFwAcL-tUf-,0
dgK,0
dgPsBR-r0+n,0
dgxx9M08u+sZ9,0
dh+,0
dhHW,0
dho0A5+w,0
diJTBqgF6C9l4+u,0
dihunEzPzeNvCk,0
djr_-S,0
djxAzemZ,0
dnBj4oz3xhgPn+2,0
doI,0
dpzJvN9JaHfg,0
dqvYmuryZsDDOv4,0
duzoUNoi+2,0
dvX7l,0
dymbgofeWhek1lF,0
e,10
e-rk-iOyl,0
e.F7ou3w9,0
e3nR.vOY.+F,0
e4k9-wH,0
e5D95E68oKk.E,0
e5MlKR+dMSO-2B,0
e7V,0
e8qj0FpIj_Bi9,0
eCC,0
eE+S3i1Fmq+9w,0
eIz,0
eJ37qTj,0
eKOWj,0
eL,0
eLibih.,0
eQzOuFyf_rCG,0
eTRG1ws3Y+xH0l7,0
eVfvEf,0
eWQT,0
eWj.n6J00_Bu,0
eZA5-6fFlFCTf,0
ebLazykMyA3y,0
ed2_mx+u8yCur,0
ehjpLHXk_s,0
eiS+HG,0
eis,0
ek4gUudLNPuo,0
em7Pe00Y+yOO4,0
emflO,0
eny36INts.4o,0
eo2,0
eoT+MrdHD,0
eq,0
eqSSDoiDyY,0
eqxaYq,0
esAq6Z8Q,0
eu7nI3x3TwF,0
ev,0
evfC4GAPFNb,0
exWsq4Vt_D,0
ezf3hDwzXH4Iw,0
f,10
f-H,0
f2q,0
f6A,0
f7OiG.p,0
fEliR,0
fKxpnt.PP403,0
fLUuw0tV8G,0
fM1-_7,0
fNl-JH99MpxP,0
fPag8qOB,0
fQQ2g5Xr0zGZFq,0
fSgdEYpfmB3nch,0
fSjm8Q3,0
fWZrqBvRYpe+J,0
fXrjgEUfkQ,0
fYiW,0
fa-otF,0
faVotmZ.+,0
faX6xMc1UxP.DM,0
fbH-GFpq,0
fgtA3Klr3,0
fh-5kLF75Cw5r1,0
fh2hy3,0
fkNRiLBh4MFoXW,0
flBwULwXk5q+,0
fskBIg,0
fuj5-Ik5,0
fviEUQ9sWk7Hdv3,0
fyd6G,0
fyo5IgH6K7rOj,0
fzlH7isH2s2UZ+,0
g,10
g0dk_LGQMydH,0
g1aCkGiVBvS7,0
g2Q4gGc,0
g2_l9dFm4Esvhg,0
g383L+2,0
g4,0
g4Xm3rU,0
g73jhNHU8dO,0
gCXm5bPyDL,0
gCh4r,0
gDspQu6,0
gG,0
gKCcc+MKu,0
gQWj-J,0
gQYmkMbTjCb7v,0
gQk3k.,0
gUhFSa,0
gVKA,0
gWdxUqx9aur7,0
gb7susoYR3gju8F,0
geQ+olKy9OBHtdl,0
geSaS8Je,0
gftQB,0
ggX8,0
gggRR,0
gkY5xeUJ,0
gkvO.iy8FoK,0
glSxli5wtXGnX6,0
gm,0
gpl+VAHoxf9,0
gqp19tux,0
gxQy,0
gy,0
h,10
h+nwX.,0
h-dvdo8BGMfgCZ,0
h0,0
h7bNPF0dRKDq3WZ,0
h9NC1RO,0
hBZr,0
hCBB,0
hCVc,0
hE,0
hEEsi-Zu8B,0
hEMQ0Wx,0
hO4,0
hP5y2DK6ezhY-Dm,0
hSeFCkP,0
hSoOg8_rD0oQ3,0
hU8hLyEDZR2O,0
hWU4RdJA,0
hXMT_6_LGHt,0
hatVM,0
he.a1.h,0
heio+uF_mIIMs,0
hiG62f,0
hj73deU,0
hkWRX,0
hlnWWz.HjU,0
hmCW,0
hrSznA,0
htc.,0
hukwqdA,0
hw-lI,0
i,0
i0ODkQ4b,0
i4OAiwaYG1dAWx_,0
i8,0
iAAR,0
iAP,0
iCEDc,0
iCnz_RWULfEt,0
iFYHAe-9jq,0
iGXPLewz_70mua.,0
iKDRRd+M8gBA,0
iMr,0
iN8,0
iTM,0
iVWkaszFhgQNSg,0
iVY,0
iVjra_Rg,0
iW-J1x,0
iYlNLgbisLvmIv1,0
iaYaatlF,0
icCYfPbT01oOo,0
idRAO0iJ9Z9b1Se,0
ig9E,0
inoap+,0
ipdkGksX4irkgD,0
ivBH,0
iwd6m.V+Q78,0
iy5y7tQOTPthxWp,0
izT_VD1,0
j,0
j-,0
j2ik8tPgYcRqu,0
j7ZzxI,0
j7h,0
j8UUg9,0
j9JZ,0
jAwKAQg.iWY,0
jD,0
jFeebK+FDSzE,0
jHClWr11xxRZ,0
jK0scOIckkdD,0
jOy,0
jPLbr,0
jRtBcz,0
jRz1r_rshe0D7,0
jU.0eV4F9210Tz,0
jXf0+c8,0
j_KpY+xD,0
jc,0
jcLIN7H9Do4vEhn,0
jcRf6p_TG6HT,0
je5.D5C-jwP,0
jhsMpeQk_rxW,0
ji,0
jj5x,0
jph3l6,0
jr8+P,0
js,0
jsTuDv7L_c,0
ju1OlsxKWETE,0
juZoHGV_Jh,0
jvqLwu_,0
jwwX0BMaKoOGy,0
k,0
k0Ggk4Zb4K04BY,0
k6P4hb,0
k6ts1oXAye,0
k7JBoZ,0
kGKN,0
kHCV1DKk8ry,0
kJb7Tw2todzMO,0
kKdqbxfe337cAAk,0
kMqbEMYBq222,0
kNu8S,0
kPDt8,0
kQrGISjemeGjzgj,0
kVd2e,0
kVe0QGFNf6BGpXe,0
kVlfd.T_FDHAy-q,0
kWvPv_g4nD,0
k_dhU,0
kfLv8,0
kfzENGoxW_to.H,0
kgBf+IE,0
kkj1aJZh+,0
koKnZ,0
koQgEtQ3FDe1vkO,0
kp6a6FD3,0
kr+QftX3laae,0
ksJeS,0
kvpFI.Qsa,0
kwvJw1Hey9dg-QP,0
kwwtUWzZbQY2R,0
kzV0ht2JjyXQF,0
l,0
l-9YNYw,0
l1rpWejq8+4,0
l2gIuNHyuPy,0
l8N2HGK,0
lA,0
lAH-S0OnO,0
lFO0un,0
lFdFdwOrN,0
lLv_t,0
lNSC6S8s4A,0
lQN6L,0
lQuwTMuc2,0
lSifaBvj5Og,0
lT3Br_OpHv_609,0
lVyj0Rp5q6DGV,0
lWwHaMa5,0
lYq1AKqE_,0
lZ+Dq3mA,0
lcK,0
lcfXfxcO5O,0
ldELwxeyu5,0
lenud-BfEz,0
lm77L+amIwFIh,0
lol,0
lu2nUL3D6Vd,0
lwYYoVB4_bX_VMQ,0
lyj6yE,0
lz6uFb1LdSSg9w,0
lzYpoUuNb6,0
m,0
m+C,0
m2vkqsK0k,0
m5D,0
m5E0qY9i.vu4,0
m6DyLLXeJxq,0
m8FxW,0
m9XcvpekmBu,0
mDY6HCT_wBx,0
mJKBVSzR,0
mJdfzAZkAbK_,0
mMCIbBhlU+Xgs,0
mOsjtJ,0
mQHSWlQ+,0
mQqkqxV,0
mQue0,0
mX,0
mYUAmIhX,0
mYZ6kOIl_,0
mYaNMQ39No,0
mimzy6,0
mmH4_,0
mn,0
mo6DpzEB7qG,0
mohy_cpkLL4Pbn3,0
moy,0
mpjtFVTdSPPJ3r,0
ms79y9,0
mtuHq3Tu5yoe,0
mw,0
mwnUK7Qh,0
mxbL+qny+UEC.B,0
mzCoaxscryNcZ,0
mzJvecgLW,0
n,0
n-sIvKue,0
n09q2A8RZGxm,0
n0FTsfan6-ik,0
n0L3RzgUqm,0
n5Zq-06,0
nBL7zIn.UJ7,0
nBX9zZyO,0
nCCYbs3N2qnU,0
nEq_B,0
nG6m,0
nGC4tnoVxd_f,0
nH1uAgPLey,0
nKiQu,0
nNN,0
nOqiHVvafVxamQr,0
nPIXq,0
nTkdS0Ufb,0
nU,0
nVx3EK5gFGinp,0
nX,0
nXWSTBTH.UIhc,0
nYzyCoQeNW,0
ncTCJwVQvJ+X3,0
ndGt1m_nkp,0
ndRW0raAO,0
nfcrQ6PmUQkt,0
njh_lPz-N,0
nmYHrAT,0
no,0
nr5PXzmSnJd,0
nsnCjy,0
nu2MZ69IKbT,0
nw0u,0
nxtae8BA24aO.w,0
nz88m7,0
nzD9_GSiS,0
o,0
o1GXiXzXc,0
o1gIb,0
o6BStHCbGuRW9,0
o8OXsdlz3Pp7,0
o9PS14LGV,0
oFlGu.-Xb,0
oHeUlsSJSOQplYe,0
oICdAM+iOLZ_,0
oJ,0
oMUhqmUTNB-L1Z3,0
oOf9DTS6,0
oPkeVDkJUkij+4,0
oPphX,0
oPz,0
oSBYNVg4wpDrxt5,0
oTuCiS1DoeIBhB,0
oWuJd-pbC,0
oZ9idA96,0
o_wDb9eDNvR,0
obMYH,0
obhsrpgnKXYML,0
ofyodPgM6ccRkPR,0
oiqmWc7r1,0
ojs5UjQqrr5,0
omVc1GoZaCg,0
onK,0
oqm,0
orVToEZTXlEk8bq,0
osi9F,0
ox3K_Faq-JOY0,0
oy78C.hoY,0
oykUTW,0
ozMOj,0
p,0
p0adX,0
p2oYuZyikkA,0
p3g2d9l5QLdz5,0
pA,0
pDuxZs,0
pHcmcep2,0
pI-cWyt,0
pKq07Y_,0
pM7jk,0
pMutN6J9A.,0
pNB,0
pNOti8Bo,0
pNm65,0
pSa_tr3_V_n4aX,0
pTv_nptYQrPM_N,0
pUE,0
pViQTb,0
pW2I-wnW,0
pYNWZp2Y4,0
pbgzZaFs,0
pdH,0
pe0NmFvdUjSW_LE,0
pkb3n_8CqUk5,0
pkvm,0
ppiQ+RU7EcaO,0
pr,0
q,0
q-65,0
q04ge8cymx6OPVy,0
q5vtUv8bzw,0
q74ukp,0
q7jclrH2,0
qBdfTbzM_VMLX+9,0
qDAW0-,0
qDVSAs4FweE,0
qEfwO6P,0
qF6tmdE,0
qG84QLhK8k-paPc,0
qK2,0
qL8F,0
qMW,0
qNMlvrsvlej-.,0
qNo,0
qOeyOEu63-0yLvC,0
qP..IKb4.xIk_,0
qQdqtLX.,0
qQjCw46+h4a3,0
qRbDvUv94ZMgLgO,0
qT,0
qTk,0
qW,0
q_+Z+kWvmij,0
qadATX21lfjE0fT,0
qaiuGV,0
qc,0
qc.,0
qe5Legyq-PbD,0
qi,0
qi-qcC9xXlO,0
qjUtgN7,0
qrNyKI,0
qtn,0
qwNBqVuqB,0
qy6b,0
qzpPwX4,0
r,0
r+Mq+Y,0
r+_DO,0
r+b0s,0
r.5Z6z7Y_a,0
r0.J+Z,0
r0a,0
r4QbeeLw,0
r54,0
r89vE.,0
r8_pa,0
r8dYVjURoG_Tq6f,0
rAq4QdZH0,0
rC6R5Jl3r,0
rK,0
rLJ8iTra,0
rNw_dAbnm.xIsg,0
rRo,0
rT1kcu6,0
rW8AM5Ju2,0
rXkt,10
rYPjvaQpNkKQ61_,0
rYky4sXvJV,0
rbhv5ih8zY,0
rcuKyR7,0
rdXzD_g5v2tqEa,0
rk_+_Ab,0
rlnYuVqy0b,0
rnyOjf1UGt,0
rr,0
ru,0
ru4Hn,0
s,0
s+OjqkSyqzbRnjc,0
s+m6O3o-jn64R,0
s-+JWqiuS7,0
s.J+XpC,0
s2CKRgY,0
s3Aivg2qU,0
s4Qn37-2eyAes,0
s5Z,0
s5nHTRb,0
s7R3fksSClGUtM,0
s8zN-C7j2,0
s9,0
sFcM,0
sV.iajxsbQ_,0
sVeiBO-cMw,0
sXZh9G1J6wugyi,0
s_pauvOi7y,0
samO6V_S0JVA,0
sb8,0
scTJT,0
scvDeyxWKB,0
shdyN05FGxNzcl,0
sm0aL+j,0
srsHo5KVSm,0
st3,0
suY3hTKNJNLZjx,0
szcK+11dxisI-,0
t,0
t533IVP5,0
t5xCy,0
t6SxVNJQ7.P,0
t6jE,0
t77KEd-u+y9SXM,0
t9kuv,0
tA,0
tF216+LA,0
tHZ,0
tMHniFJq6-K1B,0
tMQX6,0
tNec,0
tOLCJc,0
tSMhQw,0
tShzEXxZhVtdTij,0
tSvd506L5QG,0
tWeTqRNX+4,0
tXDPpm3BZH,0
t_y2e-_,0
tar-1ws-1,0
teYvtgCzw,0
tpOSOfTsAuj4.0R,0
tqgXG-ucn,0
trbduY,0
ts+,0
tv.MPV,0
tywaquVN0utfA,0
u,10
u.OoUrv,0
u.YTHt5F,0
u09_vTmnL,0
u13sf,0
u1DAGe6qS9UB,0
u7y,0
uB1SUdRIyu1E,0
uBh6tfvn6_HSV,0
uDlXsu0i3,0
uE42WCa,0
uFFSRfz26,0
uHP3lhxNZeTWjgn,0
uIIFeIAsXN-rsre,0
uTe2,0
uUGaub1YOeS+,0
uW,0
uY4+QW9R,0
uZLT-kzDR3Zfjda,0
ufdiE,0
ugkbf,0
uhXbIVSSIxT5PBA,0
ul3,0
ulsfbhtbuka,0
un,0
upq93OV8C8G5r,0
uq.A.adC,0
urD6O,0
urJCFDA0_9LA,0
usUnM2PU,0
usa.tpu8TGh8,0
ut0Mcsa8,0
utqPVXYKMI,0
uu,0
uvkCslYS,0
uwKI-riJMulkuqk,0
v,0
v..RrCx,0
v07EVt,0
v13ROJ2ejwr,0
v2,0
v2nUyS,0
v8D8,0
v9BJuqO,0
v9zC5hJnmPi,0
vBx780al,0
vC38,0
vGPxX+LFi,0
vGi6iX,0
vGsrCN0wd-Xz9e,0
vKTD,0
vOvl4,0
vPdL2-q,0
vPhG,0
vPz0sXCcZGpCZkS,0
vQ5c0NfNA7vaB,0
vS26eMq4icjB,0
vSpHD7d_,0
vW4bXVWn,0
vXenY_zOE,0
vXq5,0
v_bm3Iylqq2KKaI,0
v_lTH1B-yBQRsam,0
vblJQg3w,0
ve_0,0
veq,0
vf3TvTR+E,0
vfzbO7rO_3,0
vjYDp9,0
vlO,0
vm,0
vn,0
vnnmyu07AoTtJ,0
voOKD1UY,0
voWi,0
vokuzQQnapW,0
vqFrm,0
vtYZm,0
vv,0
vwG,0
vyPfuXH3HlW-cE,0
vz1uk4LgXlQL,0
w,10
w2rs1rBy4-C2t,0
w8OnH,0
w9hG,0
wATq,0
wDe5Eir8QLr,0
wDpYhsa8ROUO,0
wDwcJP1eEWBn,0
wG9mr5ypkE.,0
wHMoN,0
wI,0
wIuSl5,0
wLdy,0
wMBYVjHy,0
wQ+8u.cxg,0
wRzj_LM5,0
wWWEKwO83f+,0
wXxI-9TDHFgl,0
wYp4eXh4B_,0
wZO,0
wZzOJMT4Y-B9,0
w_8A,0
w_FV,0
w_kxp,0
wa91Xddk,0
wapauTR,0
wcUk9JnQWVX,0
wcWeVUdczrE,0
wepA,0
wgPLP14J,0
whXpBWgJP,0
wm0CN+17Ji2OTB,0
wp,0
wqPICdxc.ez,0
wrkJ_U,0
ws791ceor,0
wt9+3RfFWO0n,0
wzucZ+2IPX6Twx,0
x+.p,0
x+7xehRV2wx,0
x+8K,0
x-Ay,0
x04M,0
x3BZA5zxH,0
x41,0
x4srDwCs,0
x6,0
x7H7JVfYzS+YtCD,0
xA,0
xAFlx6qB-_jWwV,0
xBDt,0
xBwHiVPoZgIcHp,0
xE6IhRJmbU,0
xFPv8O,0
xGcPjf,0
xJGgcKb.WN7tws,0
xMBtvd,0
xPA,0
xQwg,0
xRG3,0
xRy9UVzYRgu,0
xZBO+qgYslo2MuG,0
xa,0
xa7mkOPo,0
xb,0
xbK1fU.Fe-d81J,0
xbdYwe2bWvP,0
xblg0hDX+VqEMe,0
xc8,0
xdOrmWROnTu,0
xfYA+qi6ni5-,0
xgNCJ6R,0
xhd-veIRduP,0
xiO,0
xl,0
xl6J.pFbdRqG.27,0
xoO,0
xp8WMFE9YtbhG,0
xuN.BQm8+GTJ,0
xwPDwR,0
xwZ,0
xx0Xm,0
y,0
y+VEcZ,0
y1HdCWZjHhc,0
y1s9V,0
y2lZb+X59iKrjw,0
y3_uS5HGw,0
y4vNxpVExqpIPz,0
y8,0
yAb42nqU,0
yCP733k,0
yEaIrp0mbI74vh,0
yG8037pqnYVA,0
yHTgqw-r7s,0
yL0MQPiGn4d,0
yPJ-kyd2f3.60Hy,0
yPSKp0WK4_,0
yPy72Q9g_Tj.Z,0
yR,0
yRGjvgPlWAXeN+,0
ySU39G62,0
yTmcAiEYL-,0
yUwS.CFOt,0
yUylJ9uPet8tzZS,0
y_ET-8kJDZ,0
ybG2B0BgCI,0
ybTpnXg,0
yfyG1eifOwh68o,0
yhnmPoFPh,0
ykC6OR,0
ym2FfgK,0
yn1O8goxQX,0
ypH,0
yrDLJJiEM,0
yra,0
yu3Y5aUgEtQJH,0
yuie,0
yzjEFuNkm,0
yznTI.xLO,0
z,0
z-Sw7c3,0
z304f4,0
z4F_Tyb,0
z5v.Tz8n,0
z8q.gp,0
zC5I4hw,0
zCqyuLlt,0
zDLPBRseXic.ada,0
zG6,0
zI,0
zM+Uw,0
zO_D5F5,0
zOo3xChjYAeB,0
zTTRosGI,0
zTbI,0
zV,0
zWCwuoRd,0
zWrz9b,0
zco2BsJgWZJzn,0
zcs.7pDo.,0
zgR9B1QnwC2jm,0
zgtF,0
zhT6p-tH8C,0
zijfhxlJVsI,0
zkpPWZdiz5d,0
zlDuaD,0
zn,0
zq,0
zqieUgh,0
zs..SM3ja.+lfKB,0
zsNJuEPXPs2i4Z,0
zse,0
ztF,0
zyPyW0Djc,0
zzwSKrxUK7Ry,0
